pk_ID,granularity,rowID,formatting,createdDate,modifiedDate,createdBy,modifiedBy,createdIP,modifiedIP,Plant,DestType,Material,TruckType
2723,,0,,,,,,,,1110,OEM,13118360,32 SA
2724,,0,,,,,,,,1110,OEM,13128360,32 SA
2725,,0,,,,,,,,1110,OEM,14118340,32 SA
2726,,0,,,,,,,,1110,OEM,13158340,32 SA
2727,,0,,,,,,,,1110,OEM,13178370,32 SA
2728,,0,,,,,,,,1110,OEM,13188360,32 SA
2729,,0,,,,,,,,1110,OEM,13138340,32 SA
2730,,0,,,,,,,,1110,OEM,14128640,32 SA
2731,,0,,,,,,,,1110,OEM,13168360,32 SA
2732,,0,,,,,,,,1110,OEM,13198360,32 SA
2733,,0,,,,,,,,1110,OEM,14178640,32 SA
2734,,0,,,,,,,,1110,OEM,14019740,32 SA
2735,,0,,,,,,,,1110,OEM,15158720,32 SA
2736,,0,,,,,,,,1110,OEM,13418620,32 SA
2737,,0,,,,,,,,1110,OEM,13068340,32 SA
2738,,0,,,,,,,,1110,OEM,13098360,32 SA
2739,,0,,,,,,,,1110,OEM,15147780,32 SA
2740,,0,,,,,,,,1110,OEM,14138640,32 SA
2741,,0,,,,,,,,1110,OEM,14140020,32 SA
2742,,0,,,,,,,,1110,OEM,12168180,32 SA
2743,,0,,,,,,,,1110,OEM,13078330,32 SA
2744,,0,,,,,,,,1110,OEM,13188320,32 SA
2745,,0,,,,,,,,1110,DEPOT,13006730,32 SA
2746,,0,,,,,,,,1110,DEPOT,13006732,32 SA
2747,,0,,,,,,,,1110,DEPOT,13006737,32 SA
2748,,0,,,,,,,,1110,DEPOT,13008630,32 SA
2749,,0,,,,,,,,1110,DEPOT,13008632,32 SA
2750,,0,,,,,,,,1110,DEPOT,13008640,32 SA
2751,,0,,,,,,,,1110,DEPOT,13008642,32 SA
2752,,0,,,,,,,,1110,DEPOT,13009840,32 SA
2753,,0,,,,,,,,1110,DEPOT,13009842,32 SA
2754,,0,,,,,,,,1110,DEPOT,13019830,32 SA
2755,,0,,,,,,,,1110,DEPOT,13019832,32 SA
2756,,0,,,,,,,,1110,DEPOT,13019840,32 SA
2757,,0,,,,,,,,1110,DEPOT,13019842,32 SA
2758,,0,,,,,,,,1110,DEPOT,13029840,32 SA
2759,,0,,,,,,,,1110,DEPOT,13029842,32 SA
2760,,0,,,,,,,,1110,DEPOT,13068330,32 SA
2761,,0,,,,,,,,1110,DEPOT,13068340,32 SA
2762,,0,,,,,,,,1110,DEPOT,13078320,32 SA
2763,,0,,,,,,,,1110,DEPOT,13078330,32 SA
2764,,0,,,,,,,,1110,DEPOT,13088340,32 SA
2765,,0,,,,,,,,1110,DEPOT,13088630,32 SA
2766,,0,,,,,,,,1110,DEPOT,13088632,32 SA
2767,,0,,,,,,,,1110,DEPOT,13088640,32 SA
2768,,0,,,,,,,,1110,DEPOT,13088642,32 SA
2769,,0,,,,,,,,1110,DEPOT,13098360,32 SA
2770,,0,,,,,,,,1110,DEPOT,13098660,32 SA
2771,,0,,,,,,,,1110,DEPOT,13098662,32 SA
2772,,0,,,,,,,,1110,DEPOT,13108660,32 SA
2773,,0,,,,,,,,1110,DEPOT,13108662,32 SA
2774,,0,,,,,,,,1110,DEPOT,13117660,32 SA
2775,,0,,,,,,,,1110,DEPOT,13117662,32 SA
2776,,0,,,,,,,,1110,DEPOT,13118060,32 SA
2777,,0,,,,,,,,1110,DEPOT,13118062,32 SA
2778,,0,,,,,,,,1110,DEPOT,13118360,32 SA
2779,,0,,,,,,,,1110,DEPOT,13118362,32 SA
2780,,0,,,,,,,,1110,DEPOT,13118560,32 SA
2781,,0,,,,,,,,1110,DEPOT,13118562,32 SA
2782,,0,,,,,,,,1110,DEPOT,13118640,32 SA
2783,,0,,,,,,,,1110,DEPOT,13118642,32 SA
2784,,0,,,,,,,,1110,DEPOT,13118652,32 SA
2785,,0,,,,,,,,1110,DEPOT,13119360,32 SA
2786,,0,,,,,,,,1110,DEPOT,13119540,32 SA
2787,,0,,,,,,,,1110,DEPOT,13119560,32 SA
2788,,0,,,,,,,,1110,DEPOT,13119562,32 SA
2789,,0,,,,,,,,1110,DEPOT,13119760,32 SA
2790,,0,,,,,,,,1110,DEPOT,13119762,32 SA
2791,,0,,,,,,,,1110,DEPOT,13127262,32 SA
2792,,0,,,,,,,,1110,DEPOT,13127660,32 SA
2793,,0,,,,,,,,1110,DEPOT,13127662,32 SA
2794,,0,,,,,,,,1110,DEPOT,13127830,32 SA
2795,,0,,,,,,,,1110,DEPOT,13127832,32 SA
2796,,0,,,,,,,,1110,DEPOT,13128060,32 SA
2797,,0,,,,,,,,1110,DEPOT,13128062,32 SA
2798,,0,,,,,,,,1110,DEPOT,13128340,32 SA
2799,,0,,,,,,,,1110,DEPOT,13128360,32 SA
2800,,0,,,,,,,,1110,DEPOT,13128362,32 SA
2801,,0,,,,,,,,1110,DEPOT,13128367,32 SA
2802,,0,,,,,,,,1110,DEPOT,13128460,32 SA
2803,,0,,,,,,,,1110,DEPOT,13128560,32 SA
2804,,0,,,,,,,,1110,DEPOT,13128562,32 SA
2805,,0,,,,,,,,1110,DEPOT,13128630,32 SA
2806,,0,,,,,,,,1110,DEPOT,13128632,32 SA
2807,,0,,,,,,,,1110,DEPOT,13128640,32 SA
2808,,0,,,,,,,,1110,DEPOT,13128642,32 SA
2809,,0,,,,,,,,1110,DEPOT,13128647,32 SA
2810,,0,,,,,,,,1110,DEPOT,13128660,32 SA
2811,,0,,,,,,,,1110,DEPOT,13128662,32 SA
2812,,0,,,,,,,,1110,DEPOT,13128960,32 SA
2813,,0,,,,,,,,1110,DEPOT,13128962,32 SA
2814,,0,,,,,,,,1110,DEPOT,13129360,32 SA
2815,,0,,,,,,,,1110,DEPOT,13129460,32 SA
2816,,0,,,,,,,,1110,DEPOT,13129560,32 SA
2817,,0,,,,,,,,1110,DEPOT,13129562,32 SA
2818,,0,,,,,,,,1110,DEPOT,13130040,32 SA
2819,,0,,,,,,,,1110,DEPOT,13130042,32 SA
2820,,0,,,,,,,,1110,DEPOT,13138030,32 SA
2821,,0,,,,,,,,1110,DEPOT,13138032,32 SA
2822,,0,,,,,,,,1110,DEPOT,13138040,32 SA
2823,,0,,,,,,,,1110,DEPOT,13138042,32 SA
2824,,0,,,,,,,,1110,DEPOT,13138340,32 SA
2825,,0,,,,,,,,1110,DEPOT,13138342,32 SA
2826,,0,,,,,,,,1110,DEPOT,13138640,32 SA
2827,,0,,,,,,,,1110,DEPOT,13138642,32 SA
2828,,0,,,,,,,,1110,DEPOT,13158340,32 SA
2829,,0,,,,,,,,1110,DEPOT,13158342,32 SA
2830,,0,,,,,,,,1110,DEPOT,13158347,32 SA
2831,,0,,,,,,,,1110,DEPOT,13158360,32 SA
2832,,0,,,,,,,,1110,DEPOT,13158630,32 SA
2833,,0,,,,,,,,1110,DEPOT,13158632,32 SA
2834,,0,,,,,,,,1110,DEPOT,13158640,32 SA
2835,,0,,,,,,,,1110,DEPOT,13158642,32 SA
2836,,0,,,,,,,,1110,DEPOT,13158647,32 SA
2837,,0,,,,,,,,1110,DEPOT,13158660,32 SA
2838,,0,,,,,,,,1110,DEPOT,13158662,32 SA
2839,,0,,,,,,,,1110,DEPOT,13158667,32 SA
2840,,0,,,,,,,,1110,DEPOT,13168360,32 SA
2841,,0,,,,,,,,1110,DEPOT,13168362,32 SA
2842,,0,,,,,,,,1110,DEPOT,13168660,32 SA
2843,,0,,,,,,,,1110,DEPOT,13168662,32 SA
2844,,0,,,,,,,,1110,DEPOT,13169360,32 SA
2845,,0,,,,,,,,1110,DEPOT,13169760,32 SA
2846,,0,,,,,,,,1110,DEPOT,13178050,32 SA
2847,,0,,,,,,,,1110,DEPOT,13178057,32 SA
2848,,0,,,,,,,,1110,DEPOT,13178070,32 SA
2849,,0,,,,,,,,1110,DEPOT,13178072,32 SA
2850,,0,,,,,,,,1110,DEPOT,13178370,32 SA
2851,,0,,,,,,,,1110,DEPOT,13178372,32 SA
2852,,0,,,,,,,,1110,DEPOT,13178640,32 SA
2853,,0,,,,,,,,1110,DEPOT,13178642,32 SA
2854,,0,,,,,,,,1110,DEPOT,13178650,32 SA
2855,,0,,,,,,,,1110,DEPOT,13178652,32 SA
2856,,0,,,,,,,,1110,DEPOT,13178670,32 SA
2857,,0,,,,,,,,1110,DEPOT,13178672,32 SA
2858,,0,,,,,,,,1110,DEPOT,13180040,32 SA
2859,,0,,,,,,,,1110,DEPOT,13180060,32 SA
2860,,0,,,,,,,,1110,DEPOT,13180062,32 SA
2861,,0,,,,,,,,1110,DEPOT,13180067,32 SA
2862,,0,,,,,,,,1110,DEPOT,13180160,32 SA
2863,,0,,,,,,,,1110,DEPOT,13188360,32 SA
2864,,0,,,,,,,,1110,DEPOT,13190060,32 SA
2865,,0,,,,,,,,1110,DEPOT,13190062,32 SA
2866,,0,,,,,,,,1110,DEPOT,13198040,32 SA
2867,,0,,,,,,,,1110,DEPOT,13198042,32 SA
2868,,0,,,,,,,,1110,DEPOT,13198060,32 SA
2869,,0,,,,,,,,1110,DEPOT,13198062,32 SA
2870,,0,,,,,,,,1110,DEPOT,13198360,32 SA
2871,,0,,,,,,,,1110,DEPOT,13198642,32 SA
2872,,0,,,,,,,,1110,DEPOT,13198660,32 SA
2873,,0,,,,,,,,1110,DEPOT,13198662,32 SA
2874,,0,,,,,,,,1110,DEPOT,13199760,32 SA
2875,,0,,,,,,,,1110,DEPOT,13199762,32 SA
2876,,0,,,,,,,,1110,DEPOT,13310160,32 SA
2877,,0,,,,,,,,1110,DEPOT,13310260,32 SA
2878,,0,,,,,,,,1110,DEPOT,13311160,32 SA
2879,,0,,,,,,,,1110,DEPOT,13311360,32 SA
2880,,0,,,,,,,,1110,DEPOT,13311460,32 SA
2881,,0,,,,,,,,1110,DEPOT,13311560,32 SA
2882,,0,,,,,,,,1110,DEPOT,13311567,32 SA
2883,,0,,,,,,,,1110,DEPOT,13311660,32 SA
2884,,0,,,,,,,,1110,DEPOT,13321160,32 SA
2885,,0,,,,,,,,1110,DEPOT,13321260,32 SA
2886,,0,,,,,,,,1110,DEPOT,13328660,32 SA
2887,,0,,,,,,,,1110,DEPOT,29164160,32 SA
2888,,0,,,,,,,,1120,OEM,13118360,32 SA
2889,,0,,,,,,,,1120,OEM,13128360,32 SA
2890,,0,,,,,,,,1120,OEM,14118340,32 SA
2891,,0,,,,,,,,1120,OEM,13158340,32 SA
2892,,0,,,,,,,,1120,OEM,13178370,32 SA
2893,,0,,,,,,,,1120,OEM,13188360,32 SA
2894,,0,,,,,,,,1120,OEM,13138340,32 SA
2895,,0,,,,,,,,1120,OEM,14128640,32 SA
2896,,0,,,,,,,,1120,OEM,13168360,32 SA
2897,,0,,,,,,,,1120,OEM,13198360,32 SA
2898,,0,,,,,,,,1120,OEM,14178640,32 SA
2899,,0,,,,,,,,1120,OEM,14019740,32 SA
2900,,0,,,,,,,,1120,OEM,15158720,32 SA
2901,,0,,,,,,,,1120,OEM,13418620,32 SA
2902,,0,,,,,,,,1120,OEM,13068340,32 SA
2903,,0,,,,,,,,1120,OEM,13098360,32 SA
2904,,0,,,,,,,,1120,OEM,15147780,32 SA
2905,,0,,,,,,,,1120,OEM,14138640,32 SA
2906,,0,,,,,,,,1120,OEM,14140020,32 SA
2907,,0,,,,,,,,1120,OEM,12168180,32 SA
2908,,0,,,,,,,,1120,OEM,13078330,32 SA
2909,,0,,,,,,,,1120,OEM,13188320,32 SA
2910,,0,,,,,,,,1120,DEPOT,13006730,32 SA
2911,,0,,,,,,,,1120,DEPOT,13006732,32 SA
2912,,0,,,,,,,,1120,DEPOT,13006737,32 SA
2913,,0,,,,,,,,1120,DEPOT,13008630,32 SA
2914,,0,,,,,,,,1120,DEPOT,13008632,32 SA
2915,,0,,,,,,,,1120,DEPOT,13008640,32 SA
2916,,0,,,,,,,,1120,DEPOT,13008642,32 SA
2917,,0,,,,,,,,1120,DEPOT,13009840,32 SA
2918,,0,,,,,,,,1120,DEPOT,13009842,32 SA
2919,,0,,,,,,,,1120,DEPOT,13019830,32 SA
2920,,0,,,,,,,,1120,DEPOT,13019832,32 SA
2921,,0,,,,,,,,1120,DEPOT,13019840,32 SA
2922,,0,,,,,,,,1120,DEPOT,13019842,32 SA
2923,,0,,,,,,,,1120,DEPOT,13029840,32 SA
2924,,0,,,,,,,,1120,DEPOT,13029842,32 SA
2925,,0,,,,,,,,1120,DEPOT,13068330,32 SA
2926,,0,,,,,,,,1120,DEPOT,13068340,32 SA
2927,,0,,,,,,,,1120,DEPOT,13078320,32 SA
2928,,0,,,,,,,,1120,DEPOT,13078330,32 SA
2929,,0,,,,,,,,1120,DEPOT,13088340,32 SA
2930,,0,,,,,,,,1120,DEPOT,13088630,32 SA
2931,,0,,,,,,,,1120,DEPOT,13088632,32 SA
2932,,0,,,,,,,,1120,DEPOT,13088640,32 SA
2933,,0,,,,,,,,1120,DEPOT,13088642,32 SA
2934,,0,,,,,,,,1120,DEPOT,13098360,32 SA
2935,,0,,,,,,,,1120,DEPOT,13098660,32 SA
2936,,0,,,,,,,,1120,DEPOT,13098662,32 SA
2937,,0,,,,,,,,1120,DEPOT,13108660,32 SA
2938,,0,,,,,,,,1120,DEPOT,13108662,32 SA
2939,,0,,,,,,,,1120,DEPOT,13117660,32 SA
2940,,0,,,,,,,,1120,DEPOT,13117662,32 SA
2941,,0,,,,,,,,1120,DEPOT,13118060,32 SA
2942,,0,,,,,,,,1120,DEPOT,13118062,32 SA
2943,,0,,,,,,,,1120,DEPOT,13118360,32 SA
2944,,0,,,,,,,,1120,DEPOT,13118362,32 SA
2945,,0,,,,,,,,1120,DEPOT,13118560,32 SA
2946,,0,,,,,,,,1120,DEPOT,13118562,32 SA
2947,,0,,,,,,,,1120,DEPOT,13118640,32 SA
2948,,0,,,,,,,,1120,DEPOT,13118642,32 SA
2949,,0,,,,,,,,1120,DEPOT,13118652,32 SA
2950,,0,,,,,,,,1120,DEPOT,13119360,32 SA
2951,,0,,,,,,,,1120,DEPOT,13119540,32 SA
2952,,0,,,,,,,,1120,DEPOT,13119560,32 SA
2953,,0,,,,,,,,1120,DEPOT,13119562,32 SA
2954,,0,,,,,,,,1120,DEPOT,13119760,32 SA
2955,,0,,,,,,,,1120,DEPOT,13119762,32 SA
2956,,0,,,,,,,,1120,DEPOT,13127262,32 SA
2957,,0,,,,,,,,1120,DEPOT,13127660,32 SA
2958,,0,,,,,,,,1120,DEPOT,13127662,32 SA
2959,,0,,,,,,,,1120,DEPOT,13127830,32 SA
2960,,0,,,,,,,,1120,DEPOT,13127832,32 SA
2961,,0,,,,,,,,1120,DEPOT,13128060,32 SA
2962,,0,,,,,,,,1120,DEPOT,13128062,32 SA
2963,,0,,,,,,,,1120,DEPOT,13128340,32 SA
2964,,0,,,,,,,,1120,DEPOT,13128360,32 SA
2965,,0,,,,,,,,1120,DEPOT,13128362,32 SA
2966,,0,,,,,,,,1120,DEPOT,13128367,32 SA
2967,,0,,,,,,,,1120,DEPOT,13128460,32 SA
2968,,0,,,,,,,,1120,DEPOT,13128560,32 SA
2969,,0,,,,,,,,1120,DEPOT,13128562,32 SA
2970,,0,,,,,,,,1120,DEPOT,13128630,32 SA
2971,,0,,,,,,,,1120,DEPOT,13128632,32 SA
2972,,0,,,,,,,,1120,DEPOT,13128640,32 SA
2973,,0,,,,,,,,1120,DEPOT,13128642,32 SA
2974,,0,,,,,,,,1120,DEPOT,13128647,32 SA
2975,,0,,,,,,,,1120,DEPOT,13128660,32 SA
2976,,0,,,,,,,,1120,DEPOT,13128662,32 SA
2977,,0,,,,,,,,1120,DEPOT,13128960,32 SA
2978,,0,,,,,,,,1120,DEPOT,13128962,32 SA
2979,,0,,,,,,,,1120,DEPOT,13129360,32 SA
2980,,0,,,,,,,,1120,DEPOT,13129460,32 SA
2981,,0,,,,,,,,1120,DEPOT,13129560,32 SA
2982,,0,,,,,,,,1120,DEPOT,13129562,32 SA
2983,,0,,,,,,,,1120,DEPOT,13130040,32 SA
2984,,0,,,,,,,,1120,DEPOT,13130042,32 SA
2985,,0,,,,,,,,1120,DEPOT,13138030,32 SA
2986,,0,,,,,,,,1120,DEPOT,13138032,32 SA
2987,,0,,,,,,,,1120,DEPOT,13138040,32 SA
2988,,0,,,,,,,,1120,DEPOT,13138042,32 SA
2989,,0,,,,,,,,1120,DEPOT,13138340,32 SA
2990,,0,,,,,,,,1120,DEPOT,13138342,32 SA
2991,,0,,,,,,,,1120,DEPOT,13138640,32 SA
2992,,0,,,,,,,,1120,DEPOT,13138642,32 SA
2993,,0,,,,,,,,1120,DEPOT,13158340,32 SA
2994,,0,,,,,,,,1120,DEPOT,13158342,32 SA
2995,,0,,,,,,,,1120,DEPOT,13158347,32 SA
2996,,0,,,,,,,,1120,DEPOT,13158360,32 SA
2997,,0,,,,,,,,1120,DEPOT,13158630,32 SA
2998,,0,,,,,,,,1120,DEPOT,13158632,32 SA
2999,,0,,,,,,,,1120,DEPOT,13158640,32 SA
3000,,0,,,,,,,,1120,DEPOT,13158642,32 SA
3001,,0,,,,,,,,1120,DEPOT,13158647,32 SA
3002,,0,,,,,,,,1120,DEPOT,13158660,32 SA
3003,,0,,,,,,,,1120,DEPOT,13158662,32 SA
3004,,0,,,,,,,,1120,DEPOT,13158667,32 SA
3005,,0,,,,,,,,1120,DEPOT,13168360,32 SA
3006,,0,,,,,,,,1120,DEPOT,13168362,32 SA
3007,,0,,,,,,,,1120,DEPOT,13168660,32 SA
3008,,0,,,,,,,,1120,DEPOT,13168662,32 SA
3009,,0,,,,,,,,1120,DEPOT,13169360,32 SA
3010,,0,,,,,,,,1120,DEPOT,13169760,32 SA
3011,,0,,,,,,,,1120,DEPOT,13178050,32 SA
3012,,0,,,,,,,,1120,DEPOT,13178057,32 SA
3013,,0,,,,,,,,1120,DEPOT,13178070,32 SA
3014,,0,,,,,,,,1120,DEPOT,13178072,32 SA
3015,,0,,,,,,,,1120,DEPOT,13178370,32 SA
3016,,0,,,,,,,,1120,DEPOT,13178372,32 SA
3017,,0,,,,,,,,1120,DEPOT,13178640,32 SA
3018,,0,,,,,,,,1120,DEPOT,13178642,32 SA
3019,,0,,,,,,,,1120,DEPOT,13178650,32 SA
3020,,0,,,,,,,,1120,DEPOT,13178652,32 SA
3021,,0,,,,,,,,1120,DEPOT,13178670,32 SA
3022,,0,,,,,,,,1120,DEPOT,13178672,32 SA
3023,,0,,,,,,,,1120,DEPOT,13180040,32 SA
3024,,0,,,,,,,,1120,DEPOT,13180060,32 SA
3025,,0,,,,,,,,1120,DEPOT,13180062,32 SA
3026,,0,,,,,,,,1120,DEPOT,13180067,32 SA
3027,,0,,,,,,,,1120,DEPOT,13180160,32 SA
3028,,0,,,,,,,,1120,DEPOT,13188360,32 SA
3029,,0,,,,,,,,1120,DEPOT,13190060,32 SA
3030,,0,,,,,,,,1120,DEPOT,13190062,32 SA
3031,,0,,,,,,,,1120,DEPOT,13198040,32 SA
3032,,0,,,,,,,,1120,DEPOT,13198042,32 SA
3033,,0,,,,,,,,1120,DEPOT,13198060,32 SA
3034,,0,,,,,,,,1120,DEPOT,13198062,32 SA
3035,,0,,,,,,,,1120,DEPOT,13198360,32 SA
3036,,0,,,,,,,,1120,DEPOT,13198642,32 SA
3037,,0,,,,,,,,1120,DEPOT,13198660,32 SA
3038,,0,,,,,,,,1120,DEPOT,13198662,32 SA
3039,,0,,,,,,,,1120,DEPOT,13199760,32 SA
3040,,0,,,,,,,,1120,DEPOT,13199762,32 SA
3041,,0,,,,,,,,1120,DEPOT,13310160,32 SA
3042,,0,,,,,,,,1120,DEPOT,13310260,32 SA
3043,,0,,,,,,,,1120,DEPOT,13311160,32 SA
3044,,0,,,,,,,,1120,DEPOT,13311360,32 SA
3045,,0,,,,,,,,1120,DEPOT,13311460,32 SA
3046,,0,,,,,,,,1120,DEPOT,13311560,32 SA
3047,,0,,,,,,,,1120,DEPOT,13311567,32 SA
3048,,0,,,,,,,,1120,DEPOT,13311660,32 SA
3049,,0,,,,,,,,1120,DEPOT,13321160,32 SA
3050,,0,,,,,,,,1120,DEPOT,13321260,32 SA
3051,,0,,,,,,,,1120,DEPOT,13328660,32 SA
3052,,0,,,,,,,,1120,DEPOT,29164160,32 SA
3053,,0,,,,,,,,1130,DEPOT,13006730,32 SA
3054,,0,,,,,,,,1130,DEPOT,13006732,32 SA
3055,,0,,,,,,,,1130,DEPOT,13006737,32 SA
3056,,0,,,,,,,,1130,DEPOT,13008630,32 SA
3057,,0,,,,,,,,1130,DEPOT,13008632,32 SA
3058,,0,,,,,,,,1130,DEPOT,13008640,32 SA
3059,,0,,,,,,,,1130,DEPOT,13008642,32 SA
3060,,0,,,,,,,,1130,DEPOT,13009840,32 SA
3061,,0,,,,,,,,1130,DEPOT,13009842,32 SA
3062,,0,,,,,,,,1130,DEPOT,13019830,32 SA
3063,,0,,,,,,,,1130,DEPOT,13019832,32 SA
3064,,0,,,,,,,,1130,DEPOT,13019840,32 SA
3065,,0,,,,,,,,1130,DEPOT,13019842,32 SA
3066,,0,,,,,,,,1130,DEPOT,13029840,32 SA
3067,,0,,,,,,,,1130,DEPOT,13029842,32 SA
3068,,0,,,,,,,,1130,DEPOT,13068330,32 SA
3069,,0,,,,,,,,1130,DEPOT,13068340,32 SA
3070,,0,,,,,,,,1130,DEPOT,13078320,32 SA
3071,,0,,,,,,,,1130,DEPOT,13078330,32 SA
3072,,0,,,,,,,,1130,DEPOT,13088340,32 SA
3073,,0,,,,,,,,1130,DEPOT,13088630,32 SA
3074,,0,,,,,,,,1130,DEPOT,13088632,32 SA
3075,,0,,,,,,,,1130,DEPOT,13088640,32 SA
3076,,0,,,,,,,,1130,DEPOT,13088642,32 SA
3077,,0,,,,,,,,1130,DEPOT,13098360,32 SA
3078,,0,,,,,,,,1130,DEPOT,13098660,32 SA
3079,,0,,,,,,,,1130,DEPOT,13098662,32 SA
3080,,0,,,,,,,,1130,DEPOT,13108660,32 SA
3081,,0,,,,,,,,1130,DEPOT,13108662,32 SA
3082,,0,,,,,,,,1130,DEPOT,13117660,32 SA
3083,,0,,,,,,,,1130,DEPOT,13117662,32 SA
3084,,0,,,,,,,,1130,DEPOT,13118060,32 SA
3085,,0,,,,,,,,1130,DEPOT,13118062,32 SA
3086,,0,,,,,,,,1130,DEPOT,13118360,32 SA
3087,,0,,,,,,,,1130,DEPOT,13118362,32 SA
3088,,0,,,,,,,,1130,DEPOT,13118560,32 SA
3089,,0,,,,,,,,1130,DEPOT,13118562,32 SA
3090,,0,,,,,,,,1130,DEPOT,13118640,32 SA
3091,,0,,,,,,,,1130,DEPOT,13118642,32 SA
3092,,0,,,,,,,,1130,DEPOT,13118652,32 SA
3093,,0,,,,,,,,1130,DEPOT,13119360,32 SA
3094,,0,,,,,,,,1130,DEPOT,13119540,32 SA
3095,,0,,,,,,,,1130,DEPOT,13119560,32 SA
3096,,0,,,,,,,,1130,DEPOT,13119562,32 SA
3097,,0,,,,,,,,1130,DEPOT,13119760,32 SA
3098,,0,,,,,,,,1130,DEPOT,13119762,32 SA
3099,,0,,,,,,,,1130,DEPOT,13127262,32 SA
3100,,0,,,,,,,,1130,DEPOT,13127660,32 SA
3101,,0,,,,,,,,1130,DEPOT,13127662,32 SA
3102,,0,,,,,,,,1130,DEPOT,13127830,32 SA
3103,,0,,,,,,,,1130,DEPOT,13127832,32 SA
3104,,0,,,,,,,,1130,DEPOT,13128060,32 SA
3105,,0,,,,,,,,1130,DEPOT,13128062,32 SA
3106,,0,,,,,,,,1130,DEPOT,13128340,32 SA
3107,,0,,,,,,,,1130,DEPOT,13128360,32 SA
3108,,0,,,,,,,,1130,DEPOT,13128362,32 SA
3109,,0,,,,,,,,1130,DEPOT,13128367,32 SA
3110,,0,,,,,,,,1130,DEPOT,13128460,32 SA
3111,,0,,,,,,,,1130,DEPOT,13128560,32 SA
3112,,0,,,,,,,,1130,DEPOT,13128562,32 SA
3113,,0,,,,,,,,1130,DEPOT,13128630,32 SA
3114,,0,,,,,,,,1130,DEPOT,13128632,32 SA
3115,,0,,,,,,,,1130,DEPOT,13128640,32 SA
3116,,0,,,,,,,,1130,DEPOT,13128642,32 SA
3117,,0,,,,,,,,1130,DEPOT,13128647,32 SA
3118,,0,,,,,,,,1130,DEPOT,13128660,32 SA
3119,,0,,,,,,,,1130,DEPOT,13128662,32 SA
3120,,0,,,,,,,,1130,DEPOT,13128960,32 SA
3121,,0,,,,,,,,1130,DEPOT,13128962,32 SA
3122,,0,,,,,,,,1130,DEPOT,13129360,32 SA
3123,,0,,,,,,,,1130,DEPOT,13129460,32 SA
3124,,0,,,,,,,,1130,DEPOT,13129560,32 SA
3125,,0,,,,,,,,1130,DEPOT,13129562,32 SA
3126,,0,,,,,,,,1130,DEPOT,13130040,32 SA
3127,,0,,,,,,,,1130,DEPOT,13130042,32 SA
3128,,0,,,,,,,,1130,DEPOT,13138030,32 SA
3129,,0,,,,,,,,1130,DEPOT,13138032,32 SA
3130,,0,,,,,,,,1130,DEPOT,13138040,32 SA
3131,,0,,,,,,,,1130,DEPOT,13138042,32 SA
3132,,0,,,,,,,,1130,DEPOT,13138340,32 SA
3133,,0,,,,,,,,1130,DEPOT,13138342,32 SA
3134,,0,,,,,,,,1130,DEPOT,13138640,32 SA
3135,,0,,,,,,,,1130,DEPOT,13138642,32 SA
3136,,0,,,,,,,,1130,DEPOT,13158340,32 SA
3137,,0,,,,,,,,1130,DEPOT,13158342,32 SA
3138,,0,,,,,,,,1130,DEPOT,13158347,32 SA
3139,,0,,,,,,,,1130,DEPOT,13158360,32 SA
3140,,0,,,,,,,,1130,DEPOT,13158630,32 SA
3141,,0,,,,,,,,1130,DEPOT,13158632,32 SA
3142,,0,,,,,,,,1130,DEPOT,13158640,32 SA
3143,,0,,,,,,,,1130,DEPOT,13158642,32 SA
3144,,0,,,,,,,,1130,DEPOT,13158647,32 SA
3145,,0,,,,,,,,1130,DEPOT,13158660,32 SA
3146,,0,,,,,,,,1130,DEPOT,13158662,32 SA
3147,,0,,,,,,,,1130,DEPOT,13158667,32 SA
3148,,0,,,,,,,,1130,DEPOT,13168360,32 SA
3149,,0,,,,,,,,1130,DEPOT,13168362,32 SA
3150,,0,,,,,,,,1130,DEPOT,13168660,32 SA
3151,,0,,,,,,,,1130,DEPOT,13168662,32 SA
3152,,0,,,,,,,,1130,DEPOT,13169360,32 SA
3153,,0,,,,,,,,1130,DEPOT,13169760,32 SA
3154,,0,,,,,,,,1130,DEPOT,13178050,32 SA
3155,,0,,,,,,,,1130,DEPOT,13178057,32 SA
3156,,0,,,,,,,,1130,DEPOT,13178070,32 SA
3157,,0,,,,,,,,1130,DEPOT,13178072,32 SA
3158,,0,,,,,,,,1130,DEPOT,13178370,32 SA
3159,,0,,,,,,,,1130,DEPOT,13178372,32 SA
3160,,0,,,,,,,,1130,DEPOT,13178640,32 SA
3161,,0,,,,,,,,1130,DEPOT,13178642,32 SA
3162,,0,,,,,,,,1130,DEPOT,13178650,32 SA
3163,,0,,,,,,,,1130,DEPOT,13178652,32 SA
3164,,0,,,,,,,,1130,DEPOT,13178670,32 SA
3165,,0,,,,,,,,1130,DEPOT,13178672,32 SA
3166,,0,,,,,,,,1130,DEPOT,13180040,32 SA
3167,,0,,,,,,,,1130,DEPOT,13180060,32 SA
3168,,0,,,,,,,,1130,DEPOT,13180062,32 SA
3169,,0,,,,,,,,1130,DEPOT,13180067,32 SA
3170,,0,,,,,,,,1130,DEPOT,13180160,32 SA
3171,,0,,,,,,,,1130,DEPOT,13188360,32 SA
3172,,0,,,,,,,,1130,DEPOT,13190060,32 SA
3173,,0,,,,,,,,1130,DEPOT,13190062,32 SA
3174,,0,,,,,,,,1130,DEPOT,13198040,32 SA
3175,,0,,,,,,,,1130,DEPOT,13198042,32 SA
3176,,0,,,,,,,,1130,DEPOT,13198060,32 SA
3177,,0,,,,,,,,1130,DEPOT,13198062,32 SA
3178,,0,,,,,,,,1130,DEPOT,13198360,32 SA
3179,,0,,,,,,,,1130,DEPOT,13198642,32 SA
3180,,0,,,,,,,,1130,DEPOT,13198660,32 SA
3181,,0,,,,,,,,1130,DEPOT,13198662,32 SA
3182,,0,,,,,,,,1130,DEPOT,13199760,32 SA
3183,,0,,,,,,,,1130,DEPOT,13199762,32 SA
3184,,0,,,,,,,,1130,DEPOT,13310160,32 SA
3185,,0,,,,,,,,1130,DEPOT,13310260,32 SA
3186,,0,,,,,,,,1130,DEPOT,13311160,32 SA
3187,,0,,,,,,,,1130,DEPOT,13311360,32 SA
3188,,0,,,,,,,,1130,DEPOT,13311460,32 SA
3189,,0,,,,,,,,1130,DEPOT,13311560,32 SA
3190,,0,,,,,,,,1130,DEPOT,13311567,32 SA
3191,,0,,,,,,,,1130,DEPOT,13311660,32 SA
3192,,0,,,,,,,,1130,DEPOT,13321160,32 SA
3193,,0,,,,,,,,1130,DEPOT,13321260,32 SA
3194,,0,,,,,,,,1130,DEPOT,13328660,32 SA
3195,,0,,,,,,,,1130,DEPOT,29164160,32 SA
3196,,0,,,,,,,,1140,DEPOT,13006730,32 SA
3197,,0,,,,,,,,1140,DEPOT,13006732,32 SA
3198,,0,,,,,,,,1140,DEPOT,13006737,32 SA
3199,,0,,,,,,,,1140,DEPOT,13008630,32 SA
3200,,0,,,,,,,,1140,DEPOT,13008632,32 SA
3201,,0,,,,,,,,1140,DEPOT,13008640,32 SA
3202,,0,,,,,,,,1140,DEPOT,13008642,32 SA
3203,,0,,,,,,,,1140,DEPOT,13009840,32 SA
3204,,0,,,,,,,,1140,DEPOT,13009842,32 SA
3205,,0,,,,,,,,1140,DEPOT,13019830,32 SA
3206,,0,,,,,,,,1140,DEPOT,13019832,32 SA
3207,,0,,,,,,,,1140,DEPOT,13019840,32 SA
3208,,0,,,,,,,,1140,DEPOT,13019842,32 SA
3209,,0,,,,,,,,1140,DEPOT,13029840,32 SA
3210,,0,,,,,,,,1140,DEPOT,13029842,32 SA
3211,,0,,,,,,,,1140,DEPOT,13068330,32 SA
3212,,0,,,,,,,,1140,DEPOT,13068340,32 SA
3213,,0,,,,,,,,1140,DEPOT,13078320,32 SA
3214,,0,,,,,,,,1140,DEPOT,13078330,32 SA
3215,,0,,,,,,,,1140,DEPOT,13088340,32 SA
3216,,0,,,,,,,,1140,DEPOT,13088630,32 SA
3217,,0,,,,,,,,1140,DEPOT,13088632,32 SA
3218,,0,,,,,,,,1140,DEPOT,13088640,32 SA
3219,,0,,,,,,,,1140,DEPOT,13088642,32 SA
3220,,0,,,,,,,,1140,DEPOT,13098360,32 SA
3221,,0,,,,,,,,1140,DEPOT,13098660,32 SA
3222,,0,,,,,,,,1140,DEPOT,13098662,32 SA
3223,,0,,,,,,,,1140,DEPOT,13108660,32 SA
3224,,0,,,,,,,,1140,DEPOT,13108662,32 SA
3225,,0,,,,,,,,1140,DEPOT,13117660,32 SA
3226,,0,,,,,,,,1140,DEPOT,13117662,32 SA
3227,,0,,,,,,,,1140,DEPOT,13118060,32 SA
3228,,0,,,,,,,,1140,DEPOT,13118062,32 SA
3229,,0,,,,,,,,1140,DEPOT,13118360,32 SA
3230,,0,,,,,,,,1140,DEPOT,13118362,32 SA
3231,,0,,,,,,,,1140,DEPOT,13118560,32 SA
3232,,0,,,,,,,,1140,DEPOT,13118562,32 SA
3233,,0,,,,,,,,1140,DEPOT,13118640,32 SA
3234,,0,,,,,,,,1140,DEPOT,13118642,32 SA
3235,,0,,,,,,,,1140,DEPOT,13118652,32 SA
3236,,0,,,,,,,,1140,DEPOT,13119360,32 SA
3237,,0,,,,,,,,1140,DEPOT,13119540,32 SA
3238,,0,,,,,,,,1140,DEPOT,13119560,32 SA
3239,,0,,,,,,,,1140,DEPOT,13119562,32 SA
3240,,0,,,,,,,,1140,DEPOT,13119760,32 SA
3241,,0,,,,,,,,1140,DEPOT,13119762,32 SA
3242,,0,,,,,,,,1140,DEPOT,13127262,32 SA
3243,,0,,,,,,,,1140,DEPOT,13127660,32 SA
3244,,0,,,,,,,,1140,DEPOT,13127662,32 SA
3245,,0,,,,,,,,1140,DEPOT,13127830,32 SA
3246,,0,,,,,,,,1140,DEPOT,13127832,32 SA
3247,,0,,,,,,,,1140,DEPOT,13128060,32 SA
3248,,0,,,,,,,,1140,DEPOT,13128062,32 SA
3249,,0,,,,,,,,1140,DEPOT,13128340,32 SA
3250,,0,,,,,,,,1140,DEPOT,13128360,32 SA
3251,,0,,,,,,,,1140,DEPOT,13128362,32 SA
3252,,0,,,,,,,,1140,DEPOT,13128367,32 SA
3253,,0,,,,,,,,1140,DEPOT,13128460,32 SA
3254,,0,,,,,,,,1140,DEPOT,13128560,32 SA
3255,,0,,,,,,,,1140,DEPOT,13128562,32 SA
3256,,0,,,,,,,,1140,DEPOT,13128630,32 SA
3257,,0,,,,,,,,1140,DEPOT,13128632,32 SA
3258,,0,,,,,,,,1140,DEPOT,13128640,32 SA
3259,,0,,,,,,,,1140,DEPOT,13128642,32 SA
3260,,0,,,,,,,,1140,DEPOT,13128647,32 SA
3261,,0,,,,,,,,1140,DEPOT,13128660,32 SA
3262,,0,,,,,,,,1140,DEPOT,13128662,32 SA
3263,,0,,,,,,,,1140,DEPOT,13128960,32 SA
3264,,0,,,,,,,,1140,DEPOT,13128962,32 SA
3265,,0,,,,,,,,1140,DEPOT,13129360,32 SA
3266,,0,,,,,,,,1140,DEPOT,13129460,32 SA
3267,,0,,,,,,,,1140,DEPOT,13129560,32 SA
3268,,0,,,,,,,,1140,DEPOT,13129562,32 SA
3269,,0,,,,,,,,1140,DEPOT,13130040,32 SA
3270,,0,,,,,,,,1140,DEPOT,13130042,32 SA
3271,,0,,,,,,,,1140,DEPOT,13138030,32 SA
3272,,0,,,,,,,,1140,DEPOT,13138032,32 SA
3273,,0,,,,,,,,1140,DEPOT,13138040,32 SA
3274,,0,,,,,,,,1140,DEPOT,13138042,32 SA
3275,,0,,,,,,,,1140,DEPOT,13138340,32 SA
3276,,0,,,,,,,,1140,DEPOT,13138342,32 SA
3277,,0,,,,,,,,1140,DEPOT,13138640,32 SA
3278,,0,,,,,,,,1140,DEPOT,13138642,32 SA
3279,,0,,,,,,,,1140,DEPOT,13158340,32 SA
3280,,0,,,,,,,,1140,DEPOT,13158342,32 SA
3281,,0,,,,,,,,1140,DEPOT,13158347,32 SA
3282,,0,,,,,,,,1140,DEPOT,13158360,32 SA
3283,,0,,,,,,,,1140,DEPOT,13158630,32 SA
3284,,0,,,,,,,,1140,DEPOT,13158632,32 SA
3285,,0,,,,,,,,1140,DEPOT,13158640,32 SA
3286,,0,,,,,,,,1140,DEPOT,13158642,32 SA
3287,,0,,,,,,,,1140,DEPOT,13158647,32 SA
3288,,0,,,,,,,,1140,DEPOT,13158660,32 SA
3289,,0,,,,,,,,1140,DEPOT,13158662,32 SA
3290,,0,,,,,,,,1140,DEPOT,13158667,32 SA
3291,,0,,,,,,,,1140,DEPOT,13168360,32 SA
3292,,0,,,,,,,,1140,DEPOT,13168362,32 SA
3293,,0,,,,,,,,1140,DEPOT,13168660,32 SA
3294,,0,,,,,,,,1140,DEPOT,13168662,32 SA
3295,,0,,,,,,,,1140,DEPOT,13169360,32 SA
3296,,0,,,,,,,,1140,DEPOT,13169760,32 SA
3297,,0,,,,,,,,1140,DEPOT,13178050,32 SA
3298,,0,,,,,,,,1140,DEPOT,13178057,32 SA
3299,,0,,,,,,,,1140,DEPOT,13178070,32 SA
3300,,0,,,,,,,,1140,DEPOT,13178072,32 SA
3301,,0,,,,,,,,1140,DEPOT,13178370,32 SA
3302,,0,,,,,,,,1140,DEPOT,13178372,32 SA
3303,,0,,,,,,,,1140,DEPOT,13178640,32 SA
3304,,0,,,,,,,,1140,DEPOT,13178642,32 SA
3305,,0,,,,,,,,1140,DEPOT,13178650,32 SA
3306,,0,,,,,,,,1140,DEPOT,13178652,32 SA
3307,,0,,,,,,,,1140,DEPOT,13178670,32 SA
3308,,0,,,,,,,,1140,DEPOT,13178672,32 SA
3309,,0,,,,,,,,1140,DEPOT,13180040,32 SA
3310,,0,,,,,,,,1140,DEPOT,13180060,32 SA
3311,,0,,,,,,,,1140,DEPOT,13180062,32 SA
3312,,0,,,,,,,,1140,DEPOT,13180067,32 SA
3313,,0,,,,,,,,1140,DEPOT,13180160,32 SA
3314,,0,,,,,,,,1140,DEPOT,13188360,32 SA
3315,,0,,,,,,,,1140,DEPOT,13190060,32 SA
3316,,0,,,,,,,,1140,DEPOT,13190062,32 SA
3317,,0,,,,,,,,1140,DEPOT,13198040,32 SA
3318,,0,,,,,,,,1140,DEPOT,13198042,32 SA
3319,,0,,,,,,,,1140,DEPOT,13198060,32 SA
3320,,0,,,,,,,,1140,DEPOT,13198062,32 SA
3321,,0,,,,,,,,1140,DEPOT,13198360,32 SA
3322,,0,,,,,,,,1140,DEPOT,13198642,32 SA
3323,,0,,,,,,,,1140,DEPOT,13198660,32 SA
3324,,0,,,,,,,,1140,DEPOT,13198662,32 SA
3325,,0,,,,,,,,1140,DEPOT,13199760,32 SA
3326,,0,,,,,,,,1140,DEPOT,13199762,32 SA
3327,,0,,,,,,,,1140,DEPOT,13310160,32 SA
3328,,0,,,,,,,,1140,DEPOT,13310260,32 SA
3329,,0,,,,,,,,1140,DEPOT,13311160,32 SA
3330,,0,,,,,,,,1140,DEPOT,13311360,32 SA
3331,,0,,,,,,,,1140,DEPOT,13311460,32 SA
3332,,0,,,,,,,,1140,DEPOT,13311560,32 SA
3333,,0,,,,,,,,1140,DEPOT,13311567,32 SA
3334,,0,,,,,,,,1140,DEPOT,13311660,32 SA
3335,,0,,,,,,,,1140,DEPOT,13321160,32 SA
3336,,0,,,,,,,,1140,DEPOT,13321260,32 SA
3337,,0,,,,,,,,1140,DEPOT,13328660,32 SA
3338,,0,,,,,,,,1140,DEPOT,29164160,32 SA
3339,,0,,,,,,,,1140,DEPOT,16330721,32 SA
3340,,0,,,,,,,,1140,DEPOT,16331200,32 SA
3341,,0,,,,,,,,1140,DEPOT,16331201,32 SA
3342,,0,,,,,,,,1140,DEPOT,16331300,32 SA
3343,,0,,,,,,,,1140,DEPOT,16331301,32 SA
3344,,0,,,,,,,,1140,DEPOT,16331580,32 SA
3345,,0,,,,,,,,1140,DEPOT,16331581,32 SA
3346,,0,,,,,,,,1140,DEPOT,16331621,32 SA
3347,,0,,,,,,,,1140,DEPOT,16332601,32 SA
3348,,0,,,,,,,,1140,DEPOT,16341000,32 SA
3349,,0,,,,,,,,1140,DEPOT,16350320,32 SA
3350,,0,,,,,,,,1140,DEPOT,16350361,32 SA
3351,,0,,,,,,,,1140,DEPOT,16350620,32 SA
3352,,0,,,,,,,,1140,DEPOT,16350621,32 SA
3353,,0,,,,,,,,1140,DEPOT,16350661,32 SA
3354,,0,,,,,,,,1140,DEPOT,16350721,32 SA
3355,,0,,,,,,,,1140,DEPOT,16350830,32 SA
3356,,0,,,,,,,,1140,DEPOT,16360501,32 SA
3357,,0,,,,,,,,1140,DEPOT,16361040,32 SA
3358,,0,,,,,,,,1140,DEPOT,16361041,32 SA
3359,,0,,,,,,,,1140,DEPOT,16361100,32 SA
3360,,0,,,,,,,,1140,DEPOT,16361101,32 SA
3361,,0,,,,,,,,1140,DEPOT,16361141,32 SA
3362,,0,,,,,,,,1140,DEPOT,16361181,32 SA
3363,,0,,,,,,,,1140,DEPOT,16370021,32 SA
3364,,0,,,,,,,,1140,DEPOT,16370461,32 SA
3365,,0,,,,,,,,1140,DEPOT,16370540,32 SA
3366,,0,,,,,,,,1140,DEPOT,16370541,32 SA
3367,,0,,,,,,,,1140,DEPOT,16393001,32 SA
3368,,0,,,,,,,,1140,DEPOT,18381081,32 SA
3369,,0,,,,,,,,1140,DEPOT,18381140,32 SA
3370,,0,,,,,,,,1140,DEPOT,18381141,32 SA
3371,,0,,,,,,,,1140,DEPOT,18381160,32 SA
3372,,0,,,,,,,,1140,DEPOT,18381161,32 SA
3373,,0,,,,,,,,1140,DEPOT,18381381,32 SA
3374,,0,,,,,,,,1140,DEPOT,18381580,32 SA
3375,,0,,,,,,,,1140,DEPOT,18381581,32 SA
3376,,0,,,,,,,,1140,DEPOT,18382040,32 SA
3377,,0,,,,,,,,1140,DEPOT,18382041,32 SA
3378,,0,,,,,,,,1140,DEPOT,18382520,32 SA
3379,,0,,,,,,,,1140,DEPOT,18382521,32 SA
3380,,0,,,,,,,,1140,DEPOT,18382540,32 SA
3381,,0,,,,,,,,1140,DEPOT,18382541,32 SA
3382,,0,,,,,,,,1140,DEPOT,18390180,32 SA
3383,,0,,,,,,,,1140,DEPOT,18390181,32 SA
3384,,0,,,,,,,,1140,DEPOT,18390201,32 SA
3385,,0,,,,,,,,1140,DEPOT,18390241,32 SA
3386,,0,,,,,,,,1140,DEPOT,18391221,32 SA
3387,,0,,,,,,,,1140,DEPOT,19364540,32 SA
3388,,0,,,,,,,,1140,DEPOT,19364541,32 SA
3389,,0,,,,,,,,1140,DEPOT,19364700,32 SA
3390,,0,,,,,,,,1140,DEPOT,19364701,32 SA
3391,,0,,,,,,,,1140,DEPOT,19364720,32 SA
3392,,0,,,,,,,,1140,DEPOT,19364721,32 SA
3393,,0,,,,,,,,1140,OEM,12371970,32 SA
3394,,0,,,,,,,,1140,OEM,16331201,32 SA
3395,,0,,,,,,,,1140,OEM,16331621,32 SA
3396,,0,,,,,,,,1140,OEM,16332601,32 SA
3397,,0,,,,,,,,1140,OEM,16340150,32 SA
3398,,0,,,,,,,,1140,OEM,16340880,32 SA
3399,,0,,,,,,,,1140,OEM,16341000,32 SA
3400,,0,,,,,,,,1140,OEM,16350361,32 SA
3401,,0,,,,,,,,1140,OEM,16350621,32 SA
3402,,0,,,,,,,,1140,OEM,16350830,32 SA
3403,,0,,,,,,,,1140,OEM,16360501,32 SA
3404,,0,,,,,,,,1140,OEM,16361041,32 SA
3405,,0,,,,,,,,1140,OEM,16361181,32 SA
3406,,0,,,,,,,,1140,OEM,16370461,32 SA
3407,,0,,,,,,,,1140,OEM,16370541,32 SA
3408,,0,,,,,,,,1140,OEM,18381081,32 SA
3409,,0,,,,,,,,1140,OEM,18381141,32 SA
3410,,0,,,,,,,,1140,OEM,18381161,32 SA
3411,,0,,,,,,,,1140,OEM,18381381,32 SA
3412,,0,,,,,,,,1140,OEM,18381581,32 SA
3413,,0,,,,,,,,1140,OEM,18382041,32 SA
3414,,0,,,,,,,,1140,OEM,18382521,32 SA
3415,,0,,,,,,,,1140,OEM,18382541,32 SA
3416,,0,,,,,,,,1140,OEM,18390181,32 SA
3417,,0,,,,,,,,1140,OEM,18390201,32 SA
3418,,0,,,,,,,,1140,OEM,18391221,32 SA
3419,,0,,,,,,,,1140,OEM,19364541,32 SA
3420,,0,,,,,,,,1140,OEM,19364701,32 SA
3421,,0,,,,,,,,1140,OEM,19364721,32 SA
3422,,0,,,,,,,,1140,OEM,26636420,32 SA
3423,,0,,,,,,,,1140,OEM,26136420,32 SA
3424,,0,,,,,,,,1150,OEM,12371970,32 SA
3425,,0,,,,,,,,1150,OEM,16331201,32 SA
3426,,0,,,,,,,,1150,OEM,16331621,32 SA
3427,,0,,,,,,,,1150,OEM,16332601,32 SA
3428,,0,,,,,,,,1150,OEM,16340150,32 SA
3429,,0,,,,,,,,1150,OEM,16340880,32 SA
3430,,0,,,,,,,,1150,OEM,16341000,32 SA
3431,,0,,,,,,,,1150,OEM,16350361,32 SA
3432,,0,,,,,,,,1150,OEM,16350621,32 SA
3433,,0,,,,,,,,1150,OEM,16350830,32 SA
3434,,0,,,,,,,,1150,OEM,16360501,32 SA
3435,,0,,,,,,,,1150,OEM,16361041,32 SA
3436,,0,,,,,,,,1150,OEM,16361181,32 SA
3437,,0,,,,,,,,1150,OEM,16370461,32 SA
3438,,0,,,,,,,,1150,OEM,16370541,32 SA
3439,,0,,,,,,,,1150,OEM,18381081,32 SA
3440,,0,,,,,,,,1150,OEM,18381141,32 SA
3441,,0,,,,,,,,1150,OEM,18381161,32 SA
3442,,0,,,,,,,,1150,OEM,18381381,32 SA
3443,,0,,,,,,,,1150,OEM,18381581,32 SA
3444,,0,,,,,,,,1150,OEM,18382041,32 SA
3445,,0,,,,,,,,1150,OEM,18382521,32 SA
3446,,0,,,,,,,,1150,OEM,18382541,32 SA
3447,,0,,,,,,,,1150,OEM,18390181,32 SA
3448,,0,,,,,,,,1150,OEM,18390201,32 SA
3449,,0,,,,,,,,1150,OEM,18391221,32 SA
3450,,0,,,,,,,,1150,OEM,19364541,32 SA
3451,,0,,,,,,,,1150,OEM,19364701,32 SA
3452,,0,,,,,,,,1150,OEM,19364721,32 SA
3453,,0,,,,,,,,1150,OEM,26636420,32 SA
3454,,0,,,,,,,,1150,OEM,26136420,32 SA
3455,,0,,,,,,,,1150,OEM,26143040,32 SA
3456,,0,,,,,,,,1150,OEM,26126430,32 SA
3457,,0,,,,,,,,1150,DEPOT,13006730,32 SA
3458,,0,,,,,,,,1150,DEPOT,13006732,32 SA
3459,,0,,,,,,,,1150,DEPOT,13006737,32 SA
3460,,0,,,,,,,,1150,DEPOT,13008630,32 SA
3461,,0,,,,,,,,1150,DEPOT,13008632,32 SA
3462,,0,,,,,,,,1150,DEPOT,13008640,32 SA
3463,,0,,,,,,,,1150,DEPOT,13008642,32 SA
3464,,0,,,,,,,,1150,DEPOT,13009840,32 SA
3465,,0,,,,,,,,1150,DEPOT,13009842,32 SA
3466,,0,,,,,,,,1150,DEPOT,13019830,32 SA
3467,,0,,,,,,,,1150,DEPOT,13019832,32 SA
3468,,0,,,,,,,,1150,DEPOT,13019840,32 SA
3469,,0,,,,,,,,1150,DEPOT,13019842,32 SA
3470,,0,,,,,,,,1150,DEPOT,13029840,32 SA
3471,,0,,,,,,,,1150,DEPOT,13029842,32 SA
3472,,0,,,,,,,,1150,DEPOT,13068330,32 SA
3473,,0,,,,,,,,1150,DEPOT,13068340,32 SA
3474,,0,,,,,,,,1150,DEPOT,13078320,32 SA
3475,,0,,,,,,,,1150,DEPOT,13078330,32 SA
3476,,0,,,,,,,,1150,DEPOT,13088340,32 SA
3477,,0,,,,,,,,1150,DEPOT,13088630,32 SA
3478,,0,,,,,,,,1150,DEPOT,13088632,32 SA
3479,,0,,,,,,,,1150,DEPOT,13088640,32 SA
3480,,0,,,,,,,,1150,DEPOT,13088642,32 SA
3481,,0,,,,,,,,1150,DEPOT,13098360,32 SA
3482,,0,,,,,,,,1150,DEPOT,13098660,32 SA
3483,,0,,,,,,,,1150,DEPOT,13098662,32 SA
3484,,0,,,,,,,,1150,DEPOT,13108660,32 SA
3485,,0,,,,,,,,1150,DEPOT,13108662,32 SA
3486,,0,,,,,,,,1150,DEPOT,13117660,32 SA
3487,,0,,,,,,,,1150,DEPOT,13117662,32 SA
3488,,0,,,,,,,,1150,DEPOT,13118060,32 SA
3489,,0,,,,,,,,1150,DEPOT,13118062,32 SA
3490,,0,,,,,,,,1150,DEPOT,13118360,32 SA
3491,,0,,,,,,,,1150,DEPOT,13118362,32 SA
3492,,0,,,,,,,,1150,DEPOT,13118560,32 SA
3493,,0,,,,,,,,1150,DEPOT,13118562,32 SA
3494,,0,,,,,,,,1150,DEPOT,13118640,32 SA
3495,,0,,,,,,,,1150,DEPOT,13118642,32 SA
3496,,0,,,,,,,,1150,DEPOT,13118652,32 SA
3497,,0,,,,,,,,1150,DEPOT,13119360,32 SA
3498,,0,,,,,,,,1150,DEPOT,13119540,32 SA
3499,,0,,,,,,,,1150,DEPOT,13119560,32 SA
3500,,0,,,,,,,,1150,DEPOT,13119562,32 SA
3501,,0,,,,,,,,1150,DEPOT,13119760,32 SA
3502,,0,,,,,,,,1150,DEPOT,13119762,32 SA
3503,,0,,,,,,,,1150,DEPOT,13127262,32 SA
3504,,0,,,,,,,,1150,DEPOT,13127660,32 SA
3505,,0,,,,,,,,1150,DEPOT,13127662,32 SA
3506,,0,,,,,,,,1150,DEPOT,13127830,32 SA
3507,,0,,,,,,,,1150,DEPOT,13127832,32 SA
3508,,0,,,,,,,,1150,DEPOT,13128060,32 SA
3509,,0,,,,,,,,1150,DEPOT,13128062,32 SA
3510,,0,,,,,,,,1150,DEPOT,13128340,32 SA
3511,,0,,,,,,,,1150,DEPOT,13128360,32 SA
3512,,0,,,,,,,,1150,DEPOT,13128362,32 SA
3513,,0,,,,,,,,1150,DEPOT,13128367,32 SA
3514,,0,,,,,,,,1150,DEPOT,13128460,32 SA
3515,,0,,,,,,,,1150,DEPOT,13128560,32 SA
3516,,0,,,,,,,,1150,DEPOT,13128562,32 SA
3517,,0,,,,,,,,1150,DEPOT,13128630,32 SA
3518,,0,,,,,,,,1150,DEPOT,13128632,32 SA
3519,,0,,,,,,,,1150,DEPOT,13128640,32 SA
3520,,0,,,,,,,,1150,DEPOT,13128642,32 SA
3521,,0,,,,,,,,1150,DEPOT,13128647,32 SA
3522,,0,,,,,,,,1150,DEPOT,13128660,32 SA
3523,,0,,,,,,,,1150,DEPOT,13128662,32 SA
3524,,0,,,,,,,,1150,DEPOT,13128960,32 SA
3525,,0,,,,,,,,1150,DEPOT,13128962,32 SA
3526,,0,,,,,,,,1150,DEPOT,13129360,32 SA
3527,,0,,,,,,,,1150,DEPOT,13129460,32 SA
3528,,0,,,,,,,,1150,DEPOT,13129560,32 SA
3529,,0,,,,,,,,1150,DEPOT,13129562,32 SA
3530,,0,,,,,,,,1150,DEPOT,13130040,32 SA
3531,,0,,,,,,,,1150,DEPOT,13130042,32 SA
3532,,0,,,,,,,,1150,DEPOT,13138030,32 SA
3533,,0,,,,,,,,1150,DEPOT,13138032,32 SA
3534,,0,,,,,,,,1150,DEPOT,13138040,32 SA
3535,,0,,,,,,,,1150,DEPOT,13138042,32 SA
3536,,0,,,,,,,,1150,DEPOT,13138340,32 SA
3537,,0,,,,,,,,1150,DEPOT,13138342,32 SA
3538,,0,,,,,,,,1150,DEPOT,13138640,32 SA
3539,,0,,,,,,,,1150,DEPOT,13138642,32 SA
3540,,0,,,,,,,,1150,DEPOT,13158340,32 SA
3541,,0,,,,,,,,1150,DEPOT,13158342,32 SA
3542,,0,,,,,,,,1150,DEPOT,13158347,32 SA
3543,,0,,,,,,,,1150,DEPOT,13158360,32 SA
3544,,0,,,,,,,,1150,DEPOT,13158630,32 SA
3545,,0,,,,,,,,1150,DEPOT,13158632,32 SA
3546,,0,,,,,,,,1150,DEPOT,13158640,32 SA
3547,,0,,,,,,,,1150,DEPOT,13158642,32 SA
3548,,0,,,,,,,,1150,DEPOT,13158647,32 SA
3549,,0,,,,,,,,1150,DEPOT,13158660,32 SA
3550,,0,,,,,,,,1150,DEPOT,13158662,32 SA
3551,,0,,,,,,,,1150,DEPOT,13158667,32 SA
3552,,0,,,,,,,,1150,DEPOT,13168360,32 SA
3553,,0,,,,,,,,1150,DEPOT,13168362,32 SA
3554,,0,,,,,,,,1150,DEPOT,13168660,32 SA
3555,,0,,,,,,,,1150,DEPOT,13168662,32 SA
3556,,0,,,,,,,,1150,DEPOT,13169360,32 SA
3557,,0,,,,,,,,1150,DEPOT,13169760,32 SA
3558,,0,,,,,,,,1150,DEPOT,13178050,32 SA
3559,,0,,,,,,,,1150,DEPOT,13178057,32 SA
3560,,0,,,,,,,,1150,DEPOT,13178070,32 SA
3561,,0,,,,,,,,1150,DEPOT,13178072,32 SA
3562,,0,,,,,,,,1150,DEPOT,13178370,32 SA
3563,,0,,,,,,,,1150,DEPOT,13178372,32 SA
3564,,0,,,,,,,,1150,DEPOT,13178640,32 SA
3565,,0,,,,,,,,1150,DEPOT,13178642,32 SA
3566,,0,,,,,,,,1150,DEPOT,13178650,32 SA
3567,,0,,,,,,,,1150,DEPOT,13178652,32 SA
3568,,0,,,,,,,,1150,DEPOT,13178670,32 SA
3569,,0,,,,,,,,1150,DEPOT,13178672,32 SA
3570,,0,,,,,,,,1150,DEPOT,13180040,32 SA
3571,,0,,,,,,,,1150,DEPOT,13180060,32 SA
3572,,0,,,,,,,,1150,DEPOT,13180062,32 SA
3573,,0,,,,,,,,1150,DEPOT,13180067,32 SA
3574,,0,,,,,,,,1150,DEPOT,13180160,32 SA
3575,,0,,,,,,,,1150,DEPOT,13188360,32 SA
3576,,0,,,,,,,,1150,DEPOT,13190060,32 SA
3577,,0,,,,,,,,1150,DEPOT,13190062,32 SA
3578,,0,,,,,,,,1150,DEPOT,13198040,32 SA
3579,,0,,,,,,,,1150,DEPOT,13198042,32 SA
3580,,0,,,,,,,,1150,DEPOT,13198060,32 SA
3581,,0,,,,,,,,1150,DEPOT,13198062,32 SA
3582,,0,,,,,,,,1150,DEPOT,13198360,32 SA
3583,,0,,,,,,,,1150,DEPOT,13198642,32 SA
3584,,0,,,,,,,,1150,DEPOT,13198660,32 SA
3585,,0,,,,,,,,1150,DEPOT,13198662,32 SA
3586,,0,,,,,,,,1150,DEPOT,13199760,32 SA
3587,,0,,,,,,,,1150,DEPOT,13199762,32 SA
3588,,0,,,,,,,,1150,DEPOT,13310160,32 SA
3589,,0,,,,,,,,1150,DEPOT,13310260,32 SA
3590,,0,,,,,,,,1150,DEPOT,13311160,32 SA
3591,,0,,,,,,,,1150,DEPOT,13311360,32 SA
3592,,0,,,,,,,,1150,DEPOT,13311460,32 SA
3593,,0,,,,,,,,1150,DEPOT,13311560,32 SA
3594,,0,,,,,,,,1150,DEPOT,13311567,32 SA
3595,,0,,,,,,,,1150,DEPOT,13311660,32 SA
3596,,0,,,,,,,,1150,DEPOT,13321160,32 SA
3597,,0,,,,,,,,1150,DEPOT,13321260,32 SA
3598,,0,,,,,,,,1150,DEPOT,13328660,32 SA
3599,,0,,,,,,,,1150,DEPOT,29164160,32 SA
3600,,0,,,,,,,,1150,DEPOT,16330721,32 SA
3601,,0,,,,,,,,1150,DEPOT,16331200,32 SA
3602,,0,,,,,,,,1150,DEPOT,16331201,32 SA
3603,,0,,,,,,,,1150,DEPOT,16331300,32 SA
3604,,0,,,,,,,,1150,DEPOT,16331301,32 SA
3605,,0,,,,,,,,1150,DEPOT,16331580,32 SA
3606,,0,,,,,,,,1150,DEPOT,16331581,32 SA
3607,,0,,,,,,,,1150,DEPOT,16331621,32 SA
3608,,0,,,,,,,,1150,DEPOT,16332601,32 SA
3609,,0,,,,,,,,1150,DEPOT,16341000,32 SA
3610,,0,,,,,,,,1150,DEPOT,16350320,32 SA
3611,,0,,,,,,,,1150,DEPOT,16350361,32 SA
3612,,0,,,,,,,,1150,DEPOT,16350620,32 SA
3613,,0,,,,,,,,1150,DEPOT,16350621,32 SA
3614,,0,,,,,,,,1150,DEPOT,16350661,32 SA
3615,,0,,,,,,,,1150,DEPOT,16350721,32 SA
3616,,0,,,,,,,,1150,DEPOT,16350830,32 SA
3617,,0,,,,,,,,1150,DEPOT,16360501,32 SA
3618,,0,,,,,,,,1150,DEPOT,16361040,32 SA
3619,,0,,,,,,,,1150,DEPOT,16361041,32 SA
3620,,0,,,,,,,,1150,DEPOT,16361100,32 SA
3621,,0,,,,,,,,1150,DEPOT,16361101,32 SA
3622,,0,,,,,,,,1150,DEPOT,16361141,32 SA
3623,,0,,,,,,,,1150,DEPOT,16361181,32 SA
3624,,0,,,,,,,,1150,DEPOT,16370021,32 SA
3625,,0,,,,,,,,1150,DEPOT,16370461,32 SA
3626,,0,,,,,,,,1150,DEPOT,16370540,32 SA
3627,,0,,,,,,,,1150,DEPOT,16370541,32 SA
3628,,0,,,,,,,,1150,DEPOT,16393001,32 SA
3629,,0,,,,,,,,1150,DEPOT,18381081,32 SA
3630,,0,,,,,,,,1150,DEPOT,18381140,32 SA
3631,,0,,,,,,,,1150,DEPOT,18381141,32 SA
3632,,0,,,,,,,,1150,DEPOT,18381160,32 SA
3633,,0,,,,,,,,1150,DEPOT,18381161,32 SA
3634,,0,,,,,,,,1150,DEPOT,18381381,32 SA
3635,,0,,,,,,,,1150,DEPOT,18381580,32 SA
3636,,0,,,,,,,,1150,DEPOT,18381581,32 SA
3637,,0,,,,,,,,1150,DEPOT,18382040,32 SA
3638,,0,,,,,,,,1150,DEPOT,18382041,32 SA
3639,,0,,,,,,,,1150,DEPOT,18382520,32 SA
3640,,0,,,,,,,,1150,DEPOT,18382521,32 SA
3641,,0,,,,,,,,1150,DEPOT,18382540,32 SA
3642,,0,,,,,,,,1150,DEPOT,18382541,32 SA
3643,,0,,,,,,,,1150,DEPOT,18390180,32 SA
3644,,0,,,,,,,,1150,DEPOT,18390181,32 SA
3645,,0,,,,,,,,1150,DEPOT,18390201,32 SA
3646,,0,,,,,,,,1150,DEPOT,18390241,32 SA
3647,,0,,,,,,,,1150,DEPOT,18391221,32 SA
3648,,0,,,,,,,,1150,DEPOT,19364540,32 SA
3649,,0,,,,,,,,1150,DEPOT,19364541,32 SA
3650,,0,,,,,,,,1150,DEPOT,19364700,32 SA
3651,,0,,,,,,,,1150,DEPOT,19364701,32 SA
3652,,0,,,,,,,,1150,DEPOT,19364720,32 SA
3653,,0,,,,,,,,1150,DEPOT,19364721,32 SA
3654,,0,,,,,,,,1160,DEPOT,16330721,32 SA
3655,,0,,,,,,,,1160,DEPOT,16331200,32 SA
3656,,0,,,,,,,,1160,DEPOT,16331201,32 SA
3657,,0,,,,,,,,1160,DEPOT,16331300,32 SA
3658,,0,,,,,,,,1160,DEPOT,16331301,32 SA
3659,,0,,,,,,,,1160,DEPOT,16331580,32 SA
3660,,0,,,,,,,,1160,DEPOT,16331581,32 SA
3661,,0,,,,,,,,1160,DEPOT,16331621,32 SA
3662,,0,,,,,,,,1160,DEPOT,16332601,32 SA
3663,,0,,,,,,,,1160,DEPOT,16341000,32 SA
3664,,0,,,,,,,,1160,DEPOT,16350320,32 SA
3665,,0,,,,,,,,1160,DEPOT,16350361,32 SA
3666,,0,,,,,,,,1160,DEPOT,16350620,32 SA
3667,,0,,,,,,,,1160,DEPOT,16350621,32 SA
3668,,0,,,,,,,,1160,DEPOT,16350661,32 SA
3669,,0,,,,,,,,1160,DEPOT,16350721,32 SA
3670,,0,,,,,,,,1160,DEPOT,16350830,32 SA
3671,,0,,,,,,,,1160,DEPOT,16360501,32 SA
3672,,0,,,,,,,,1160,DEPOT,16361040,32 SA
3673,,0,,,,,,,,1160,DEPOT,16361041,32 SA
3674,,0,,,,,,,,1160,DEPOT,16361100,32 SA
3675,,0,,,,,,,,1160,DEPOT,16361101,32 SA
3676,,0,,,,,,,,1160,DEPOT,16361141,32 SA
3677,,0,,,,,,,,1160,DEPOT,16361181,32 SA
3678,,0,,,,,,,,1160,DEPOT,16370021,32 SA
3679,,0,,,,,,,,1160,DEPOT,16370461,32 SA
3680,,0,,,,,,,,1160,DEPOT,16370540,32 SA
3681,,0,,,,,,,,1160,DEPOT,16370541,32 SA
3682,,0,,,,,,,,1160,DEPOT,16393001,32 SA
3683,,0,,,,,,,,1160,DEPOT,18381081,32 SA
3684,,0,,,,,,,,1160,DEPOT,18381140,32 SA
3685,,0,,,,,,,,1160,DEPOT,18381141,32 SA
3686,,0,,,,,,,,1160,DEPOT,18381160,32 SA
3687,,0,,,,,,,,1160,DEPOT,18381161,32 SA
3688,,0,,,,,,,,1160,DEPOT,18381381,32 SA
3689,,0,,,,,,,,1160,DEPOT,18381580,32 SA
3690,,0,,,,,,,,1160,DEPOT,18381581,32 SA
3691,,0,,,,,,,,1160,DEPOT,18382040,32 SA
3692,,0,,,,,,,,1160,DEPOT,18382041,32 SA
3693,,0,,,,,,,,1160,DEPOT,18382520,32 SA
3694,,0,,,,,,,,1160,DEPOT,18382521,32 SA
3695,,0,,,,,,,,1160,DEPOT,18382540,32 SA
3696,,0,,,,,,,,1160,DEPOT,18382541,32 SA
3697,,0,,,,,,,,1160,DEPOT,18390180,32 SA
3698,,0,,,,,,,,1160,DEPOT,18390181,32 SA
3699,,0,,,,,,,,1160,DEPOT,18390201,32 SA
3700,,0,,,,,,,,1160,DEPOT,18390241,32 SA
3701,,0,,,,,,,,1160,DEPOT,18391221,32 SA
3702,,0,,,,,,,,1160,DEPOT,19364540,32 SA
3703,,0,,,,,,,,1160,DEPOT,19364541,32 SA
3704,,0,,,,,,,,1160,DEPOT,19364700,32 SA
3705,,0,,,,,,,,1160,DEPOT,19364701,32 SA
3706,,0,,,,,,,,1160,DEPOT,19364720,32 SA
3707,,0,,,,,,,,1160,DEPOT,19364721,32 SA
3708,,0,,,,,,,,1160,OEM,12371970,32 SA
3709,,0,,,,,,,,1160,OEM,16331201,32 SA
3710,,0,,,,,,,,1160,OEM,16331621,32 SA
3711,,0,,,,,,,,1160,OEM,16332601,32 SA
3712,,0,,,,,,,,1160,OEM,16340150,32 SA
3713,,0,,,,,,,,1160,OEM,16340880,32 SA
3714,,0,,,,,,,,1160,OEM,16341000,32 SA
3715,,0,,,,,,,,1160,OEM,16350361,32 SA
3716,,0,,,,,,,,1160,OEM,16350621,32 SA
3717,,0,,,,,,,,1160,OEM,16350830,32 SA
3718,,0,,,,,,,,1160,OEM,16360501,32 SA
3719,,0,,,,,,,,1160,OEM,16361041,32 SA
3720,,0,,,,,,,,1160,OEM,16361181,32 SA
3721,,0,,,,,,,,1160,OEM,16370461,32 SA
3722,,0,,,,,,,,1160,OEM,16370541,32 SA
3723,,0,,,,,,,,1160,OEM,18381081,32 SA
3724,,0,,,,,,,,1160,OEM,18381141,32 SA
3725,,0,,,,,,,,1160,OEM,18381161,32 SA
3726,,0,,,,,,,,1160,OEM,18381381,32 SA
3727,,0,,,,,,,,1160,OEM,18381581,32 SA
3728,,0,,,,,,,,1160,OEM,18382041,32 SA
3729,,0,,,,,,,,1160,OEM,18382521,32 SA
3730,,0,,,,,,,,1160,OEM,18382541,32 SA
3731,,0,,,,,,,,1160,OEM,18390181,32 SA
3732,,0,,,,,,,,1160,OEM,18390201,32 SA
3733,,0,,,,,,,,1160,OEM,18391221,32 SA
3734,,0,,,,,,,,1160,OEM,19364541,32 SA
3735,,0,,,,,,,,1160,OEM,19364701,32 SA
3736,,0,,,,,,,,1160,OEM,19364721,32 SA
3737,,0,,,,,,,,1180,DEPOT,13006730,32 SA
3738,,0,,,,,,,,1180,DEPOT,13006732,32 SA
3739,,0,,,,,,,,1180,DEPOT,13006737,32 SA
3740,,0,,,,,,,,1180,DEPOT,13008630,32 SA
3741,,0,,,,,,,,1180,DEPOT,13008632,32 SA
3742,,0,,,,,,,,1180,DEPOT,13008640,32 SA
3743,,0,,,,,,,,1180,DEPOT,13008642,32 SA
3744,,0,,,,,,,,1180,DEPOT,13009840,32 SA
3745,,0,,,,,,,,1180,DEPOT,13009842,32 SA
3746,,0,,,,,,,,1180,DEPOT,13019830,32 SA
3747,,0,,,,,,,,1180,DEPOT,13019832,32 SA
3748,,0,,,,,,,,1180,DEPOT,13019840,32 SA
3749,,0,,,,,,,,1180,DEPOT,13019842,32 SA
3750,,0,,,,,,,,1180,DEPOT,13029840,32 SA
3751,,0,,,,,,,,1180,DEPOT,13029842,32 SA
3752,,0,,,,,,,,1180,DEPOT,13068330,32 SA
3753,,0,,,,,,,,1180,DEPOT,13068340,32 SA
3754,,0,,,,,,,,1180,DEPOT,13078320,32 SA
3755,,0,,,,,,,,1180,DEPOT,13078330,32 SA
3756,,0,,,,,,,,1180,DEPOT,13088340,32 SA
3757,,0,,,,,,,,1180,DEPOT,13088630,32 SA
3758,,0,,,,,,,,1180,DEPOT,13088632,32 SA
3759,,0,,,,,,,,1180,DEPOT,13088640,32 SA
3760,,0,,,,,,,,1180,DEPOT,13088642,32 SA
3761,,0,,,,,,,,1180,DEPOT,13098360,32 SA
3762,,0,,,,,,,,1180,DEPOT,13098660,32 SA
3763,,0,,,,,,,,1180,DEPOT,13098662,32 SA
3764,,0,,,,,,,,1180,DEPOT,13108660,32 SA
3765,,0,,,,,,,,1180,DEPOT,13108662,32 SA
3766,,0,,,,,,,,1180,DEPOT,13117660,32 SA
3767,,0,,,,,,,,1180,DEPOT,13117662,32 SA
3768,,0,,,,,,,,1180,DEPOT,13118060,32 SA
3769,,0,,,,,,,,1180,DEPOT,13118062,32 SA
3770,,0,,,,,,,,1180,DEPOT,13118360,32 SA
3771,,0,,,,,,,,1180,DEPOT,13118362,32 SA
3772,,0,,,,,,,,1180,DEPOT,13118560,32 SA
3773,,0,,,,,,,,1180,DEPOT,13118562,32 SA
3774,,0,,,,,,,,1180,DEPOT,13118640,32 SA
3775,,0,,,,,,,,1180,DEPOT,13118642,32 SA
3776,,0,,,,,,,,1180,DEPOT,13118652,32 SA
3777,,0,,,,,,,,1180,DEPOT,13119360,32 SA
3778,,0,,,,,,,,1180,DEPOT,13119540,32 SA
3779,,0,,,,,,,,1180,DEPOT,13119560,32 SA
3780,,0,,,,,,,,1180,DEPOT,13119562,32 SA
3781,,0,,,,,,,,1180,DEPOT,13119760,32 SA
3782,,0,,,,,,,,1180,DEPOT,13119762,32 SA
3783,,0,,,,,,,,1180,DEPOT,13127262,32 SA
3784,,0,,,,,,,,1180,DEPOT,13127660,32 SA
3785,,0,,,,,,,,1180,DEPOT,13127662,32 SA
3786,,0,,,,,,,,1180,DEPOT,13127830,32 SA
3787,,0,,,,,,,,1180,DEPOT,13127832,32 SA
3788,,0,,,,,,,,1180,DEPOT,13128060,32 SA
3789,,0,,,,,,,,1180,DEPOT,13128062,32 SA
3790,,0,,,,,,,,1180,DEPOT,13128340,32 SA
3791,,0,,,,,,,,1180,DEPOT,13128360,32 SA
3792,,0,,,,,,,,1180,DEPOT,13128362,32 SA
3793,,0,,,,,,,,1180,DEPOT,13128367,32 SA
3794,,0,,,,,,,,1180,DEPOT,13128460,32 SA
3795,,0,,,,,,,,1180,DEPOT,13128560,32 SA
3796,,0,,,,,,,,1180,DEPOT,13128562,32 SA
3797,,0,,,,,,,,1180,DEPOT,13128630,32 SA
3798,,0,,,,,,,,1180,DEPOT,13128632,32 SA
3799,,0,,,,,,,,1180,DEPOT,13128640,32 SA
3800,,0,,,,,,,,1180,DEPOT,13128642,32 SA
3801,,0,,,,,,,,1180,DEPOT,13128647,32 SA
3802,,0,,,,,,,,1180,DEPOT,13128660,32 SA
3803,,0,,,,,,,,1180,DEPOT,13128662,32 SA
3804,,0,,,,,,,,1180,DEPOT,13128960,32 SA
3805,,0,,,,,,,,1180,DEPOT,13128962,32 SA
3806,,0,,,,,,,,1180,DEPOT,13129360,32 SA
3807,,0,,,,,,,,1180,DEPOT,13129460,32 SA
3808,,0,,,,,,,,1180,DEPOT,13129560,32 SA
3809,,0,,,,,,,,1180,DEPOT,13129562,32 SA
3810,,0,,,,,,,,1180,DEPOT,13130040,32 SA
3811,,0,,,,,,,,1180,DEPOT,13130042,32 SA
3812,,0,,,,,,,,1180,DEPOT,13138030,32 SA
3813,,0,,,,,,,,1180,DEPOT,13138032,32 SA
3814,,0,,,,,,,,1180,DEPOT,13138040,32 SA
3815,,0,,,,,,,,1180,DEPOT,13138042,32 SA
3816,,0,,,,,,,,1180,DEPOT,13138340,32 SA
3817,,0,,,,,,,,1180,DEPOT,13138342,32 SA
3818,,0,,,,,,,,1180,DEPOT,13138640,32 SA
3819,,0,,,,,,,,1180,DEPOT,13138642,32 SA
3820,,0,,,,,,,,1180,DEPOT,13158340,32 SA
3821,,0,,,,,,,,1180,DEPOT,13158342,32 SA
3822,,0,,,,,,,,1180,DEPOT,13158347,32 SA
3823,,0,,,,,,,,1180,DEPOT,13158360,32 SA
3824,,0,,,,,,,,1180,DEPOT,13158630,32 SA
3825,,0,,,,,,,,1180,DEPOT,13158632,32 SA
3826,,0,,,,,,,,1180,DEPOT,13158640,32 SA
3827,,0,,,,,,,,1180,DEPOT,13158642,32 SA
3828,,0,,,,,,,,1180,DEPOT,13158647,32 SA
3829,,0,,,,,,,,1180,DEPOT,13158660,32 SA
3830,,0,,,,,,,,1180,DEPOT,13158662,32 SA
3831,,0,,,,,,,,1180,DEPOT,13158667,32 SA
3832,,0,,,,,,,,1180,DEPOT,13168360,32 SA
3833,,0,,,,,,,,1180,DEPOT,13168362,32 SA
3834,,0,,,,,,,,1180,DEPOT,13168660,32 SA
3835,,0,,,,,,,,1180,DEPOT,13168662,32 SA
3836,,0,,,,,,,,1180,DEPOT,13169360,32 SA
3837,,0,,,,,,,,1180,DEPOT,13169760,32 SA
3838,,0,,,,,,,,1180,DEPOT,13178050,32 SA
3839,,0,,,,,,,,1180,DEPOT,13178057,32 SA
3840,,0,,,,,,,,1180,DEPOT,13178070,32 SA
3841,,0,,,,,,,,1180,DEPOT,13178072,32 SA
3842,,0,,,,,,,,1180,DEPOT,13178370,32 SA
3843,,0,,,,,,,,1180,DEPOT,13178372,32 SA
3844,,0,,,,,,,,1180,DEPOT,13178640,32 SA
3845,,0,,,,,,,,1180,DEPOT,13178642,32 SA
3846,,0,,,,,,,,1180,DEPOT,13178650,32 SA
3847,,0,,,,,,,,1180,DEPOT,13178652,32 SA
3848,,0,,,,,,,,1180,DEPOT,13178670,32 SA
3849,,0,,,,,,,,1180,DEPOT,13178672,32 SA
3850,,0,,,,,,,,1180,DEPOT,13180040,32 SA
3851,,0,,,,,,,,1180,DEPOT,13180060,32 SA
3852,,0,,,,,,,,1180,DEPOT,13180062,32 SA
3853,,0,,,,,,,,1180,DEPOT,13180067,32 SA
3854,,0,,,,,,,,1180,DEPOT,13180160,32 SA
3855,,0,,,,,,,,1180,DEPOT,13188360,32 SA
3856,,0,,,,,,,,1180,DEPOT,13190060,32 SA
3857,,0,,,,,,,,1180,DEPOT,13190062,32 SA
3858,,0,,,,,,,,1180,DEPOT,13198040,32 SA
3859,,0,,,,,,,,1180,DEPOT,13198042,32 SA
3860,,0,,,,,,,,1180,DEPOT,13198060,32 SA
3861,,0,,,,,,,,1180,DEPOT,13198062,32 SA
3862,,0,,,,,,,,1180,DEPOT,13198360,32 SA
3863,,0,,,,,,,,1180,DEPOT,13198642,32 SA
3864,,0,,,,,,,,1180,DEPOT,13198660,32 SA
3865,,0,,,,,,,,1180,DEPOT,13198662,32 SA
3866,,0,,,,,,,,1180,DEPOT,13199760,32 SA
3867,,0,,,,,,,,1180,DEPOT,13199762,32 SA
3868,,0,,,,,,,,1180,DEPOT,13310160,32 SA
3869,,0,,,,,,,,1180,DEPOT,13310260,32 SA
3870,,0,,,,,,,,1180,DEPOT,13311160,32 SA
3871,,0,,,,,,,,1180,DEPOT,13311360,32 SA
3872,,0,,,,,,,,1180,DEPOT,13311460,32 SA
3873,,0,,,,,,,,1180,DEPOT,13311560,32 SA
3874,,0,,,,,,,,1180,DEPOT,13311567,32 SA
3875,,0,,,,,,,,1180,DEPOT,13311660,32 SA
3876,,0,,,,,,,,1180,DEPOT,13321160,32 SA
3877,,0,,,,,,,,1180,DEPOT,13321260,32 SA
3878,,0,,,,,,,,1180,DEPOT,13328660,32 SA
3879,,0,,,,,,,,1180,DEPOT,29164160,32 SA
3880,,0,,,,,,,,1180,DEPOT,16330721,32 SA
3881,,0,,,,,,,,1180,DEPOT,16331200,32 SA
3882,,0,,,,,,,,1180,DEPOT,16331201,32 SA
3883,,0,,,,,,,,1180,DEPOT,16331300,32 SA
3884,,0,,,,,,,,1180,DEPOT,16331301,32 SA
3885,,0,,,,,,,,1180,DEPOT,16331580,32 SA
3886,,0,,,,,,,,1180,DEPOT,16331581,32 SA
3887,,0,,,,,,,,1180,DEPOT,16331621,32 SA
3888,,0,,,,,,,,1180,DEPOT,16332601,32 SA
3889,,0,,,,,,,,1180,DEPOT,16341000,32 SA
3890,,0,,,,,,,,1180,DEPOT,16350320,32 SA
3891,,0,,,,,,,,1180,DEPOT,16350361,32 SA
3892,,0,,,,,,,,1180,DEPOT,16350620,32 SA
3893,,0,,,,,,,,1180,DEPOT,16350621,32 SA
3894,,0,,,,,,,,1180,DEPOT,16350661,32 SA
3895,,0,,,,,,,,1180,DEPOT,16350721,32 SA
3896,,0,,,,,,,,1180,DEPOT,16350830,32 SA
3897,,0,,,,,,,,1180,DEPOT,16360501,32 SA
3898,,0,,,,,,,,1180,DEPOT,16361040,32 SA
3899,,0,,,,,,,,1180,DEPOT,16361041,32 SA
3900,,0,,,,,,,,1180,DEPOT,16361100,32 SA
3901,,0,,,,,,,,1180,DEPOT,16361101,32 SA
3902,,0,,,,,,,,1180,DEPOT,16361141,32 SA
3903,,0,,,,,,,,1180,DEPOT,16361181,32 SA
3904,,0,,,,,,,,1180,DEPOT,16370021,32 SA
3905,,0,,,,,,,,1180,DEPOT,16370461,32 SA
3906,,0,,,,,,,,1180,DEPOT,16370540,32 SA
3907,,0,,,,,,,,1180,DEPOT,16370541,32 SA
3908,,0,,,,,,,,1180,DEPOT,16393001,32 SA
3909,,0,,,,,,,,1180,DEPOT,18381081,32 SA
3910,,0,,,,,,,,1180,DEPOT,18381140,32 SA
3911,,0,,,,,,,,1180,DEPOT,18381141,32 SA
3912,,0,,,,,,,,1180,DEPOT,18381160,32 SA
3913,,0,,,,,,,,1180,DEPOT,18381161,32 SA
3914,,0,,,,,,,,1180,DEPOT,18381381,32 SA
3915,,0,,,,,,,,1180,DEPOT,18381580,32 SA
3916,,0,,,,,,,,1180,DEPOT,18381581,32 SA
3917,,0,,,,,,,,1180,DEPOT,18382040,32 SA
3918,,0,,,,,,,,1180,DEPOT,18382041,32 SA
3919,,0,,,,,,,,1180,DEPOT,18382520,32 SA
3920,,0,,,,,,,,1180,DEPOT,18382521,32 SA
3921,,0,,,,,,,,1180,DEPOT,18382540,32 SA
3922,,0,,,,,,,,1180,DEPOT,18382541,32 SA
3923,,0,,,,,,,,1180,DEPOT,18390180,32 SA
3924,,0,,,,,,,,1180,DEPOT,18390181,32 SA
3925,,0,,,,,,,,1180,DEPOT,18390201,32 SA
3926,,0,,,,,,,,1180,DEPOT,18390241,32 SA
3927,,0,,,,,,,,1180,DEPOT,18391221,32 SA
3928,,0,,,,,,,,1180,DEPOT,19364540,32 SA
3929,,0,,,,,,,,1180,DEPOT,19364541,32 SA
3930,,0,,,,,,,,1180,DEPOT,19364700,32 SA
3931,,0,,,,,,,,1180,DEPOT,19364701,32 SA
3932,,0,,,,,,,,1180,DEPOT,19364720,32 SA
3933,,0,,,,,,,,1180,DEPOT,19364721,32 SA
3934,,0,,,,,,,,1180,OEM,12371970,32 SA
3935,,0,,,,,,,,1180,OEM,16331201,32 SA
3936,,0,,,,,,,,1180,OEM,16331621,32 SA
3937,,0,,,,,,,,1180,OEM,16332601,32 SA
3938,,0,,,,,,,,1180,OEM,16340150,32 SA
3939,,0,,,,,,,,1180,OEM,16340880,32 SA
3940,,0,,,,,,,,1180,OEM,16341000,32 SA
3941,,0,,,,,,,,1180,OEM,16350361,32 SA
3942,,0,,,,,,,,1180,OEM,16350621,32 SA
3943,,0,,,,,,,,1180,OEM,16350830,32 SA
3944,,0,,,,,,,,1180,OEM,16360501,32 SA
3945,,0,,,,,,,,1180,OEM,16361041,32 SA
3946,,0,,,,,,,,1180,OEM,16361181,32 SA
3947,,0,,,,,,,,1180,OEM,16370461,32 SA
3948,,0,,,,,,,,1180,OEM,16370541,32 SA
3949,,0,,,,,,,,1180,OEM,18381081,32 SA
3950,,0,,,,,,,,1180,OEM,18381141,32 SA
3951,,0,,,,,,,,1180,OEM,18381161,32 SA
3952,,0,,,,,,,,1180,OEM,18381381,32 SA
3953,,0,,,,,,,,1180,OEM,18381581,32 SA
3954,,0,,,,,,,,1180,OEM,18382041,32 SA
3955,,0,,,,,,,,1180,OEM,18382521,32 SA
3956,,0,,,,,,,,1180,OEM,18382541,32 SA
3957,,0,,,,,,,,1180,OEM,18390181,32 SA
3958,,0,,,,,,,,1180,OEM,18390201,32 SA
3959,,0,,,,,,,,1180,OEM,18391221,32 SA
3960,,0,,,,,,,,1180,OEM,19364541,32 SA
3961,,0,,,,,,,,1180,OEM,19364701,32 SA
3962,,0,,,,,,,,1180,OEM,19364721,32 SA
3963,,0,,,,,,,,1180,OEM,26636420,32 SA
3964,,0,,,,,,,,1180,OEM,26136420,32 SA
3965,,0,,,,,,,,1180,OEM,26143040,32 SA
3966,,0,,,,,,,,1180,OEM,26126430,32 SA

