Plant,ClubPlants,Cluster,SubCLuster,TruckType,Destination,operator,Part,sortIndex,Date
1130,1130,S5,S5_1,32 MA,400196,RCI,SG2,0,6
1110,1110,S1,S1_2,18 FT,4000,DEVAKI,SG1,0,1
1190,1170/1190,W1,W1,32 MA,400300,EXPRESS,SG2,0,6
1140,1140,S2,S2,18 FT,8107,SWASTIK,SG2,0,6
1140,1140,E1,E1,32 MA,6203,DGFC,SG2,0,6
1190,1170/1190,S1,S1,18 FT,8306,GBL,SG1,0,1
1140,1140,N1,N1,32 MA,400021,APML,SG1,0,1
1140,1140,N1,N1,32 MA,400058,APML,SG2,0,6
1190,1170/1190,S1,S1_1,32 MA,400334,GBL,SG2,0,6
1140,1140,S2,S2,32 MA,400311,MEGA,SG1,0,1
1110,1110,S1,S1_2,18 FT,4003,DEVAKI,SG1,0,3
1140,1140,S2,S2,32 MA,400299,EXPRESS,SG2,0,8
1140,1140,S2,S2,32 MA,400005,EXPRESS,SG2,0,10
1140,1140,N1,N1,32 MA,400076,LGB,SG2,0,6
1140,1140,N1,N1,32 MA,400304,MAHAVEERA,SG2,0,6
1140,1140,S1,S1_1,18 FT,400271,ILAN,SG1,0,1
1140,1140,S1,S1_1,32 MA,400316,CHINNA,SG1,0,1
1140,1140,S1,S1_1,32 MA,400068,CHINNA,SG1,0,3
1140,1140,N3,N3,32 MA,400314,DRS,SG2,0,6
1140,1140,N2,N2,32 MA,400089,DRS,SG1,0,1
1140,1140,N2,N2,32 MA,400121,DRS,SG2,0,8
1140,1140,N2,N2,32 MA,400292,RCI,SG2,0,8
1110,1110,S1,S1_1,32 MA,8300,CHINNA,SG1,0,5
1140,1140,W1,W1,32 MA,400003,EXPRESS,SG2,0,7
1140,1140,W1,W1,32 MA,400023,EXPRESS,SG2,0,9
1140,1140,W1,W1,32 MA,400038,MEGA,SG2,0,6
1140,1140,W1,W1,32 MA,400075,MEGA,SG2,0,8
1180,1150/1180,S8,S8,18 FT,400171,KTC,SG1,0,1
1110,1110,S1,S1_1,32 MA,400063,CHINNA,SG2,0,6
1140,1140,W1,W1,32 MA,400081,RCI,SG2,0,10
1110,1110,S1,S1_1,18 FT,8301,GBL,SG2,0,8
1130,1130,W6,W6,32 MA,104687,RCI,SG2,0,7
1110,1110,S1,S1_1,18 FT,8302,ILAN,SG1,0,3
1110,1110,S1,S1,32 MA,8303,CHINNA,SG1,0,2
1110,1110,S1,S1,32 MA,8305,CHINNA,SG1,0,4
1110,1110,S1,S1,32 MA,8311,CHINNA,SG1,0,1
1110,1110,S1,S1,32 MA,8354,CHINNA,SG2,0,8
1110,1110,S1,S1,18 FT,8304,GBL,SG1,0,3
1110,1110,S1,S1,18 FT,8315,GBL,SG1,0,5
1110,1110,S1,S1,18 FT,8351,GBL,SG1,0,2
1110,1110,S1,S1,18 FT,8352,GBL,SG1,0,4
1110,1110,S1,S1,18 FT,8353,GBL,SG2,0,10
1110,1110,S1,S1,18 FT,8356,GBL,SG2,0,7
1110,1110,S1,S1,18 FT,400024,KTC,SG1,0,3
1130,1130,W6,W6,32 MA,7254,LGB,SG2,0,8
1130,1130,W6,W6,32 MA,7253,LGB,SG2,0,10
1110,1110,S1,S1,18 FT,400054,KTC,SG2,0,6
1130,1130,W6,W6,32 MA,7252,LGB,SG2,0,7
1140,1140,W1,W1,32 SA,400006,LGB,SG1,0,1
1110,1110,S2,S2_1,32 MA,4001,ANAND,SG1,0,1
1130,1130,W6,W6,32 MA,7161,EXPRESS,SG2,0,6
1130,1130,W6,W6,32 MA,7157,EXPRESS,SG2,0,8
1130,1130,W6,W6,32 MA,7155,EXPRESS,SG2,0,10
1130,1130,W6,W6,32 MA,7154,EXPRESS,SG2,0,7
1130,1130,W6,W6,32 MA,7151,EAST INDIA,SG2,0,6
1110,1110,S2,S2,18 FT,400047,GBL,SG1,0,1
1140,1140,W2,W2,32 MA,400295,SWASTIK,SG2,0,8
1140,1140,S3,S3,18 FT,8153,INDOARYA,SG1,0,1
1140,1140,S3,S3,18 FT,8252,KTC,SG2,0,8
1150,1150/1180,S6,S6_1,18 FT,8254,KTC,SG1,0,5
1110,1110,E1,E1,32 MA,4002,ANAND,SG1,0,3
1140,1140,S3,S3,18 FT,8258,SWASTIK,SG1,0,1
1110,1110,E1,E1,32 MA,6200,ANAND,SG2,0,6
1130,1130,W6,W6,32 MA,7054,BLR,SG2,0,6
1130,1130,W6,W6,32 MA,7053,BLR,SG2,0,8
1110,1110,N3,N3,32 MA,5040,APML,SG1,0,3
1130,1130,W6,W6,32 MA,7052,BLR,SG1,0,1
1130,1130,W6,W6,32 MA,7051,BLR,SG1,0,3
1130,1130,W6,W6,32 MA,7003,BLR,SG1,0,5
1110,1110,N3,N3,32 MA,5101,APML,SG2,0,8
1110,1110,N3,N3,32 MA,5102,DRS,SG1,0,3
1110,1110,N3,N3,32 MA,5104,DRS,SG1,0,5
1130,1130,W6,W6,32 MA,7002,BLR,SG1,0,2
1110,1110,N3,N3,32 MA,5120,DRS,SG2,0,10
1130,1130,W6,W6,32 MA,7001,BLR,SG1,0,4
1110,1110,N3,N3,32 MA,400025,DRS,SG2,0,7
1110,1110,N2,N2,32 MA,5050,APML,SG1,0,5
1130,1130,W6,W6,32 MA,5156,BLR,SG1,0,1
1140,1140,S3,S3,32 MA,400060,COSMO,SG2,0,6
1110,1110,N2,N2,32 MA,5053,DRS,SG1,0,2
1110,1110,N2,N2,32 MA,5301,DRS,SG1,0,4
1160,1160,S1,S1_1,32 MA,400073,LGB,SG2,0,9
1110,1110,N2,N2,32 MA,5306,DRS,SG2,0,9
1110,1110,N2,N2,32 MA,400294,DRS,SG2,0,6
1110,1110,N1,N1,32 MA,5152,APML,SG2,0,10
1110,1110,N1,N1,32 MA,400057,DRS,SG1,0,1
1160,1160,S1,S1_1,32 MA,400078,LGB,SG2,0,6
1110,1110,E2,E2,32 MA,6000,ANAND,SG1,0,5
1160,1160,S1,S1_1,18 FT,400074,APML,SG1,0,2
1130,1130,N9,N9,32 MA,5116,LGB,SG2,0,8
1110,1110,E2,E2,32 MA,6053,ANAND,SG1,0,2
1130,1130,N9,N9,32 MA,5114,LGB,SG1,0,3
1110,1110,E2,E2,32 MA,6102,ANAND,SG2,0,8
1110,1110,E2,E2,32 MA,400062,ANAND,SG2,0,10
1110,1110,E2,E2,32 MA,400307,ANAND,SG2,0,7
1110,1110,W2,W2,32 MA,7250,RCI,SG1,0,1
1130,1130,N9,N9,32 MA,5112,EXPRESS,SG2,0,9
1130,1130,N9,N9,32 MA,5109,EXPRESS,SG2,0,6
1110,1110,W2,W2,32 MA,7302,RCI,SG2,0,9
1110,1110,S3,S3,18 FT,8151,RCI,SG1,0,3
1110,1110,S3,S3,18 FT,8156,RCI,SG1,0,5
1110,1110,S3,S3,18 FT,8251,RCI,SG1,0,2
1130,1130,N9,N9,32 MA,5108,EAST INDIA,SG2,0,8
1110,1110,S3,S3,18 FT,8253,RCI,SG1,0,4
1110,1110,S3,S3,18 FT,8255,RCI,SG2,0,6
1110,1110,S3,S3,18 FT,8256,RCI,SG2,0,8
1130,1130,N9,N9,32 MA,5107,EAST INDIA,SG2,0,10
1110,1110,S3,S3,18 FT,8257,RCI,SG2,0,10
1110,1110,S3,S3,32 MA,8150,EXPRESS,SG1,0,1
1130,1130,N9,N9,32 MA,5106,EAST INDIA,SG2,0,7
1110,1110,W1,W1,32 MA,7000,APML,SG1,0,4
1110,1110,W1,W1,32 MA,7150,APML,SG2,0,7
1130,1130,N9,N9,32 MA,5105,CORE,SG2,0,6
1110,1110,W1,W1,32 MA,7152,APML,SG2,0,9
1110,1110,W1,W1,32 MA,400241,EAST INDIA,SG1,0,1
1110,1110,W1,W1,32 MA,400329,MEGA,SG1,0,3
1160,1160,S1,S1,18 FT,400031,KTC,SG1,0,2
1130,1130,N9,N9,32 MA,5103,BLR,SG2,0,10
1130,1130,N9,N9,32 MA,5051,INDOARYA,SG1,0,3
1150,1150/1180,W4,W4,32 MA,400066,RCI,SG2,0,7
1150,1150/1180,W4,W4,32 MA,7301,RCI,SG2,0,9
1130,1130,N8,N8_1,32 MA,5203,SWASTIK,SG1,0,3
1130,1130,N8,N8_1,32 MA,5157,RCI,SG1,0,1
1130,1130,N8,N8_1,32 MA,5155,RCI,SG1,0,3
1130,1130,N8,N8_1,32 MA,5153,LGB,SG2,0,10
1130,1130,N8,N8_1,32 MA,5151,AVG,SG2,0,6
1150,1150/1180,W3,W3_1,32 MA,400350,EXPRESS,SG2,0,8
1130,1130,N8,N8_1,32 MA,5115,AVG,SG1,0,1
1130,1130,N8,N8,32 MA,5305,SHREE SHYAM,SG2,0,6
1150,1150/1180,W3,W3_1,32 MA,7004,EXPRESS,SG1,0,3
1160,1160,S2,S2,18 FT,400186,MAHAVEERA,SG1,0,1
1120,1120,S4,S4_1,18 FT,8001,EAST INDIA,SG1,0,3
1120,1120,S4,S4_1,18 FT,8003,EAST INDIA,SG1,0,5
1130,1130,N8,N8,32 MA,5251,LGB,SG2,0,7
1120,1120,S4,S4_1,18 FT,8004,EAST INDIA,SG1,0,2
1120,1120,S4,S4_1,18 FT,8006,EAST INDIA,SG1,0,4
1120,1120,S4,S4_1,18 FT,8051,EAST INDIA,SG1,0,1
1120,1120,S4,S4_1,18 FT,8052,EAST INDIA,SG2,0,9
1130,1130,N8,N8,32 MA,5061,LGB,SG1,0,5
1130,1130,N8,N8,32 MA,5055,INDOARYA,SG2,0,6
1120,1120,S4,S4_1,18 FT,8053,EAST INDIA,SG2,0,6
1120,1120,S4,S4_1,18 FT,8054,EAST INDIA,SG2,0,8
1130,1130,N8,N8,32 MA,5052,INDOARYA,SG2,0,8
1160,1160,N1,N1,32 MA,400211,EAST INDIA,SG1,0,3
1130,1130,N8,N8,32 MA,5001,AVG,SG1,0,3
1130,1130,E6,E6,32 MA,6207,KAPOOR,SG2,0,6
1130,1130,E6,E6,32 MA,6206,KAPOOR,SG2,0,8
1130,1130,E6,E6,32 MA,6204,KAPOOR,SG2,0,10
1130,1130,E6,E6,32 MA,6202,KAPOOR,SG2,0,7
1160,1160,N1,N1,32 SA,400077,NSTCL,SG1,0,1
1130,1130,E6,E6,32 MA,6105,KAPOOR,SG2,0,9
1130,1130,E6,E6,32 MA,6104,KAPOOR,SG1,0,1
1130,1130,E6,E6,32 MA,6103,KAPOOR,SG1,0,3
1160,1160,N1,N1,32 SA,400323,NSTCL,SG1,0,3
1130,1130,E6,E6,32 MA,6013,ANAND,SG2,0,9
1120,1120,S4,S4_1,18 FT,400327,KTC,SG2,0,10
1130,1130,E6,E6,32 MA,6012,ANAND,SG2,0,6
1150,1150/1180,N4,N4_1,32 MA,400126,VARUNA,SG2,0,6
1150,1150/1180,N4,N4_1,32 MA,5202,RCI,SG1,0,5
1150,1150/1180,N4,N4_1,32 MA,5201,RCI,SG1,0,2
1120,1120,S4,S4,32 MA,8155,EXPRESS,SG1,0,5
1120,1120,S4,S4,32 MA,400310,EXPRESS,SG1,0,2
1130,1130,E6,E6,32 MA,6011,ANAND,SG2,0,8
1130,1130,E6,E6,32 MA,6004,ANAND,SG1,0,4
1130,1130,E6,E6,32 MA,6003,ANAND,SG1,0,1
1160,1160,N2,N2,32 MA,400303,DBRC,SG2,0,6
1130,1130,S5,S5,18 FT,8261,VARUNA,SG1,0,1
1130,1130,S5,S5_2,18 FT,8106,VARUNA,SG2,0,8
1120,1120,E5,E5,32 MA,6001,DGFC,SG2,0,8
1130,1130,S5,S5_2,18 FT,8105,KTC,SG2,0,7
1130,1130,S5,S5_2,18 FT,8104,KTC,SG2,0,9
1130,1130,S5,S5_2,18 FT,8103,KTC,SG2,0,6
1120,1120,E5,E5,32 MA,400181,KAPOOR,SG2,0,6
1150,1150/1180,N4,N4,32 MA,400335,EXPRESS,SG2,0,10
1130,1130,S5,S5_2,18 FT,8102,KTC,SG1,0,4
1160,1160,W1,W1,32 MA,400191,RCI,SG1,0,4
1150,1150/1180,N4,N4,32 MA,400286,EXPRESS,SG2,0,7
1150,1150/1180,N4,N4,32 MA,400059,EXPRESS,SG2,0,9
1160,1160,W1,W1,32 SA,400034,LGB,SG1,0,2
1130,1130,S5,S5_1,18 FT,8313,MEGA,SG2,0,10
1120,1120,N7,N7,32 SA,400044,EAST INDIA,SG1,0,5
1130,1130,S5,S5_1,18 FT,8312,MEGA,SG2,0,7
1160,1160,W1,W1,32 SA,400182,LGB,SG1,0,4
1120,1120,N7,N7,32 SA,400045,EAST INDIA,SG2,0,10
1130,1130,S5,S5_1,18 FT,8002,KTC,SG1,0,1
1130,1130,S5,S5_1,32 MA,400313,RCI,SG2,0,6
1120,1120,N7,N7,32 SA,400051,EAST INDIA,SG2,0,7
1130,1130,S5,S5_1,32 MA,400071,EXPRESS,SG2,0,6
1160,1160,W1,W1,32 SA,400331,LGB,SG2,0,9
1150,1150/1180,N4,N4,32 MA,400056,DBRC,SG2,0,8
1130,1130,S5,S5_1,32 MA,8055,EXPRESS,SG2,0,8
1130,1130,S5,S5_1,32 MA,8005,EXPRESS,SG1,0,4
1150,1150/1180,N4,N4,32 MA,400020,COSMO,SG2,0,8
1150,1150/1180,N4,N4,32 MA,104932,COSMO,SG1,0,1
1150,1150/1180,N4,N4,32 MA,5054,COSMO,SG1,0,3
1150,1150/1180,N5,N5,32 SA,400011,LGB,SG2,0,6
1130,1130,S5,S5_1,32 MA,7104,EXPRESS,SG1,0,1
1120,1120,N7,N7,32 SA,400083,NSTCL,SG1,0,5
1120,1120,N7,N7,32 SA,400151,NSTCL,SG2,0,6
1160,1160,W2,W2,32 MA,400349,TRUE FREIGHT,SG2,0,6
1150,1150/1180,S8,S8,18 FT,8355,KTC,SG2,0,8
1120,1120,N7,N7,32 SA,400206,NSTCL,SG2,0,8
1120,1120,W5,W5,32 SA,400048,LGB,SG2,0,8
1150,1150/1180,E3,E3,32 MA,400035,DGFC,SG2,0,10
1120,1120,N7,N7,32 SA,400347,NSTCL,SG2,0,10
1120,1120,W5,W5,32 SA,400043,LGB,SG1,0,1
1120,1120,W5,W5,32 SA,400039,LGB,SG1,0,3
1120,1120,W5,W5,32 MA,7251,MEGA,SG2,0,9
1120,1120,W5,W5,32 MA,7153,EXPRESS,SG2,0,10
1120,1120,W5,W5,32 MA,7105,DGFC,SG2,0,7
1120,1120,W5,W5,32 MA,7103,DGFC,SG2,0,9
1120,1120,W5,W5,32 MA,7102,DGFC,SG1,0,1
1130,1130,N9,N9,32 MA,5102,INDOARYA,SG2,1,10
1140,1140,E1,E1,32 MA,6202,DGFC,SG2,1,6
1120,1120,W5,W5,32 MA,7000,DGFC,SG1,1,3
1140,1140,S2,S2,18 FT,8106,SWASTIK,SG1,1,5
1150,1150/1180,N5,N5,32 MA,5251,DRS,SG2,1,8
1140,1140,S2,S2,18 FT,8105,MEGA,SG2,1,6
1140,1140,S2,S2,18 FT,8104,MEGA,SG1,1,5
1190,1170/1190,S1,S1,18 FT,8355,GBL,SG2,1,9
1150,1150/1180,N5,N5,32 MA,5061,DRS,SG1,1,3
1120,1120,W5,W5,32 MA,7152,EXPRESS,SG2,1,7
1140,1140,N1,N1,32 MA,5001,APML,SG1,1,1
1150,1150/1180,N5,N5,32 MA,5055,DBRC,SG2,1,10
1140,1140,N1,N1,32 MA,400021,EAST INDIA,SG1,1,2
1120,1120,W5,W5,32 MA,7302,SWASTIK,SG1,1,2
1190,1170/1190,S1,S1_1,32 MA,400334,GBL,SG2,1,8
1140,1140,S2,S2,32 MA,400311,MEGA,SG1,1,2
1170,1170/1190,E1,E1,32 MA,6203,DGFC,SG1,1,5
1120,1120,W5,W5,32 SA,400039,NSTCL,SG1,1,2
1120,1120,N7,N7,32 SA,400347,NSTCL,SG2,1,7
1120,1120,W5,W5,32 SA,400043,NSTCL,SG1,1,4
1140,1140,S2,S2,32 MA,400299,MEGA,SG1,1,4
1110,1110,S1,S1_2,18 FT,4003,CHINNA,SG2,1,10
1140,1140,S2,S2,32 MA,8103,EXPRESS,SG2,1,9
1150,1150/1180,E3,E3,32 MA,400035,KAPOOR,SG2,1,8
1140,1140,N1,N1,32 MA,400058,EAST INDIA,SG2,1,9
1140,1140,N1,N1,32 MA,400076,MAHAVEERA,SG1,1,3
1150,1150/1180,E3,E3,32 MA,6207,DGFC,SG2,1,8
1170,1170/1190,W2,W2,32 MA,5156,DGFC,SG1,1,2
1140,1140,S1,S1,32 MA,8351,COSMO,SG1,1,5
1150,1150/1180,S7,S7,32 MA,400327,EXPRESS,SG2,1,6
1120,1120,N7,N7,32 SA,400206,NSTCL,SG2,1,9
1120,1120,W5,W5,32 SA,400048,LGB,SG2,1,10
1140,1140,S1,S1,18 FT,8313,KTC,SG2,1,7
1140,1140,N1,N1,32 MA,400304,VARUNA,SG2,1,10
1140,1140,N1,N1_1,32 MA,5151,EAST INDIA,SG2,1,8
1140,1140,S1,S1_1,18 FT,400271,ILAN,SG2,1,6
1140,1140,S1,S1_1,18 FT,8312,ILAN,SG1,1,5
1150,1150/1180,S8,S8,32 MA,400068,RCI,SG2,1,8
1120,1120,N7,N7,32 SA,400151,NSTCL,SG2,1,8
1160,1160,S3,S3,32 MA,400060,EXPRESS,SG2,1,8
1140,1140,N3,N3,32 MA,5106,APML,SG2,1,6
1160,1160,S3,S3,18 FT,8153,MAHAVEERA,SG1,1,5
1140,1140,N3,N3,32 MA,5114,DRS,SG1,1,5
1150,1150/1180,N5,N5,32 MA,400294,RCI,SG2,1,10
1130,1130,S5,S5_1,32 MA,8001,EXPRESS,SG1,1,5
1140,1140,S1,S1_1,32 MA,400316,CHINNA,SG1,1,3
1170,1170/1190,N1,N1_1,32 MA,400126,DBRC,SG2,1,7
1130,1130,S5,S5_1,32 MA,8004,EXPRESS,SG1,1,3
1170,1170/1190,S1,S1_1,32 MA,400196,GBL,SG1,1,3
1150,1150/1180,N4,N4,32 MA,400020,DBRC,SG1,1,1
1130,1130,S5,S5_1,32 MA,8006,EXPRESS,SG1,1,2
1130,1130,S5,S5_1,32 MA,8051,EXPRESS,SG1,1,4
1130,1130,S5,S5_1,32 MA,8053,EXPRESS,SG2,1,10
1140,1140,N3,N3,32 MA,400314,LGB,SG2,1,7
1130,1130,S5,S5_1,32 MA,8054,EXPRESS,SG2,1,7
1140,1140,N2,N2,32 MA,5052,APML,SG2,1,10
1140,1140,N2,N2,32 MA,400121,RCI,SG1,1,1
1180,1150/1180,N5,N5,32 SA,400011,RCI,SG1,1,3
1160,1160,W1,W1,32 SA,400331,LGB,SG2,1,6
1140,1140,N2,N2,32 MA,400292,RCI,SG2,1,7
1140,1140,E2,E2,32 MA,6004,ANAND,SG2,1,10
1140,1140,E2,E2,32 MA,6013,NCS,SG1,1,1
1120,1120,N7,N7,32 SA,400051,NSTCL,SG1,1,1
1130,1130,S5,S5_1,32 MA,400071,RCI,SG2,1,9
1140,1140,E2,E2,32 MA,6103,VARUNA,SG2,1,7
1140,1140,W1,W1,32 MA,7001,APML,SG1,1,3
1140,1140,W1,W1,32 MA,7155,EXPRESS,SG2,1,9
1130,1130,S5,S5_1,18 FT,7104,DGFC,SG1,1,4
1160,1160,W1,W1,32 SA,400182,LGB,SG1,1,5
1120,1120,N7,N7,32 SA,400045,NSTCL,SG1,1,3
1130,1130,S5,S5_1,18 FT,8002,MEGA,SG1,1,3
1140,1140,W1,W1,32 MA,7161,EXPRESS,SG2,1,8
1130,1130,S5,S5_1,18 FT,8005,KTC,SG1,1,3
1110,1110,S1,S1_1,32 MA,8300,CHINNA,SG1,1,2
1140,1140,W1,W1,32 MA,400003,MEGA,SG1,1,1
1130,1130,S5,S5_1,18 FT,8055,KTC,SG2,1,10
1130,1130,S5,S5_1,18 FT,8302,KTC,SG2,1,9
1180,1150/1180,S8,S8,18 FT,400171,KTC,SG1,1,5
1130,1130,S5,S5_1,18 FT,8304,MEGA,SG1,1,5
1160,1160,W1,W1,32 SA,400034,LGB,SG1,1,4
1140,1140,W1,W1,32 MA,400075,RCI,SG1,1,5
1120,1120,N7,N7,32 SA,400044,NSTCL,SG1,1,2
1110,1110,S1,S1_1,32 MA,400063,CHINNA,SG2,1,7
1130,1130,S5,S5_1,18 FT,8352,VARUNA,SG1,1,3
1130,1130,S5,S5_1,18 FT,8353,VARUNA,SG1,1,5
1130,1130,S5,S5_1,18 FT,8354,VARUNA,SG2,1,9
1130,1130,S5,S5_1,18 FT,8356,VARUNA,SG2,1,6
1120,1120,N7,N7,32 SA,400025,EAST INDIA,SG1,1,4
1140,1140,W1,W1,32 MA,400241,RCI,SG2,1,6
1160,1160,W1,W1,32 SA,400006,LGB,SG1,1,2
1160,1160,W1,W1,32 MA,400191,RCI,SG2,1,8
1150,1150/1180,N4,N4,32 MA,400286,LGB,SG1,1,1
1140,1140,W1,W1,32 MA,400329,SWASTIK,SG2,1,10
1130,1130,S5,S5_2,18 FT,8102,MEGA,SG2,1,8
1150,1150/1180,N4,N4,32 MA,400335,LGB,SG2,1,9
1130,1130,W6,W6,32 MA,104687,SWASTIK,SG1,1,4
1110,1110,S1,S1_1,18 FT,8301,ILAN,SG1,1,2
1150,1150/1180,N4,N4_1,32 MA,5153,EXPRESS,SG2,1,6
1110,1110,S1,S1,18 FT,400024,MEGA,SG1,1,2
1110,1110,S1,S1,18 FT,400054,MEGA,SG2,1,10
1130,1130,S5,S5,18 FT,8155,KTC,SG2,1,6
1130,1130,S5,S5,18 FT,8156,ANAND,SG1,1,3
1130,1130,S5,S5,18 FT,8255,ANAND,SG1,1,5
1130,1130,S5,S5,18 FT,8257,ANAND,SG2,1,7
1140,1140,W1,W1,32 SA,400038,LGB,SG1,1,3
1160,1160,N2,N2,32 MA,400303,DRS,SG1,1,2
1130,1130,W6,W6,32 MA,7251,EXPRESS,SG2,1,10
1140,1140,W2,W2,32 MA,7252,RCI,SG1,1,2
1110,1110,S2,S2_1,32 MA,4001,EXPRESS,SG1,1,3
1160,1160,N1,N1,32 SA,400323,NSTCL,SG2,1,6
1130,1130,E6,E6,32 MA,6001,ANAND,SG1,1,2
1130,1130,W6,W6,32 MA,7157,LGB,SG1,1,5
1130,1130,E6,E6,32 MA,6003,KAPOOR,SG1,1,5
1130,1130,W6,W6,32 MA,7154,LGB,SG1,1,2
1120,1120,S4,S4,32 MA,400310,EXPRESS,SG1,1,1
1150,1150/1180,S6,S6_1,18 FT,8258,KTC,SG2,1,8
1130,1130,W6,W6,32 MA,7153,EXPRESS,SG1,1,5
1150,1150/1180,E4,E4,32 MA,6011,ANAND,SG2,1,9
1130,1130,E6,E6,32 MA,6102,KAPOOR,SG1,1,2
1140,1140,W2,W2,32 MA,7253,RCI,SG2,1,7
1150,1150/1180,E4,E4,32 MA,6012,ANAND,SG2,1,8
1130,1130,W6,W6,32 MA,7151,EXPRESS,SG1,1,2
1140,1140,W2,W2,32 MA,7254,SWASTIK,SG1,1,1
1110,1110,S2,S2,18 FT,400047,KTC,SG1,1,2
1160,1160,N1,N1,32 SA,400077,NSTCL,SG1,1,5
1150,1150/1180,E4,E4,32 MA,400062,NCS,SG2,1,6
1120,1120,S4,S4_1,18 FT,8311,EAST INDIA,SG2,1,6
1140,1140,S3,S3,18 FT,8151,INDOARYA,SG1,1,5
1120,1120,S4,S4_1,18 FT,8305,EAST INDIA,SG2,1,10
1130,1130,E6,E6,32 MA,6206,NCS,SG2,1,10
1120,1120,S4,S4_1,18 FT,8303,EAST INDIA,SG2,1,7
1130,1130,E6,E6,32 MA,400181,NCS,SG2,1,8
1150,1150/1180,E4,E4,32 MA,400307,VARUNA,SG1,1,2
1130,1130,W6,W6,32 MA,7105,EAST INDIA,SG2,1,9
1160,1160,N1,N1,32 MA,400211,KAPOOR,SG1,1,4
1130,1130,W6,W6,32 MA,7103,BLR,SG2,1,7
1150,1150/1180,S6,S6_1,18 FT,8254,RCI,SG1,1,4
1110,1110,S1,S1_2,18 FT,4000,CHINNA,SG1,1,5
1140,1140,S3,S3,18 FT,8252,MEGA,SG1,1,4
1160,1160,S2,S2,18 FT,400186,MEGA,SG1,1,3
1140,1140,S3,S3,18 FT,8253,MEGA,SG2,1,7
1110,1110,E1,E1,32 MA,4002,DGFC,SG1,1,1
1120,1120,S4,S4_1,18 FT,8052,KTC,SG2,1,10
1120,1120,S4,S4_1,18 FT,8003,KTC,SG1,1,4
1140,1140,S3,S3,18 FT,8261,SWASTIK,SG2,1,7
1160,1160,S2,S2_1,18 FT,8107,KTC,SG2,1,7
1130,1130,W6,W6,32 MA,7102,BLR,SG2,1,9
1110,1110,E1,E1,32 MA,6200,DGFC,SG1,1,3
1150,1150/1180,W3,W3_1,32 MA,7054,EXPRESS,SG1,1,4
1130,1130,N8,N8,32 MA,5305,SHRINIWASA,SG2,1,8
1130,1130,N8,N8,32 MA,5306,SHREE SHYAM,SG2,1,8
1130,1130,W6,W6,32 MA,7052,EAST INDIA,SG1,1,3
1150,1150/1180,W3,W3_1,32 MA,400023,EXPRESS,SG2,1,7
1130,1130,N8,N8_1,32 MA,5115,CORE,SG2,1,8
1150,1150/1180,W3,W3_1,32 MA,400350,RCI,SG1,1,1
1130,1130,N8,N8_1,32 MA,5152,INDOARYA,SG2,1,7
1110,1110,N3,N3,32 MA,5040,DRS,SG1,1,4
1130,1130,W6,W6,32 MA,7051,DGFC,SG2,1,10
1130,1130,W6,W6,32 MA,7003,DGFC,SG2,1,7
1130,1130,N8,N8_1,32 MA,5155,SHREE SHYAM,SG1,1,1
1130,1130,W6,W6,32 MA,7002,DGFC,SG1,1,5
1130,1130,N8,N8_1,32 MA,5157,SHREE SHYAM,SG1,1,3
1110,1110,N3,N3,32 MA,5104,DRS,SG1,1,1
1130,1130,N8,N8_1,32 MA,5203,VIKAS,SG1,1,1
1110,1110,N3,N3,32 MA,5120,DRS,SG2,1,7
1110,1110,N2,N2,32 MA,5050,DRS,SG1,1,3
1110,1110,N2,N2,32 MA,5301,DRS,SG2,1,10
1160,1160,S1,S1,18 FT,400031,MAHAVEERA,SG1,1,4
1110,1110,N1,N1,32 MA,400057,DRS,SG1,1,5
1130,1130,N9,N9,32 MA,5051,BLR,SG1,1,5
1130,1130,N9,N9,32 MA,5101,INDOARYA,SG2,1,9
1160,1160,S1,S1_1,32 MA,400078,MAHAVEERA,SG1,1,2
1160,1160,S1,S1_1,18 FT,400073,APML,SG1,1,5
1130,1130,N9,N9,32 MA,5103,CORE,SG1,1,1
1110,1110,E2,E2,32 MA,6000,KAPOOR,SG1,1,1
1130,1130,N9,N9,32 MA,5116,MAHAVEERA,SG2,1,10
1110,1110,E2,E2,32 MA,6053,ANAND,SG2,1,6
1160,1160,S1,S1_1,18 FT,400074,CHINNA,SG1,1,4
1110,1110,W1,W1,32 MA,7150,EAST INDIA,SG1,1,1
1130,1130,N9,N9,32 MA,5105,EAST INDIA,SG1,1,5
1110,1110,S3,S3,32 MA,8150,EXPRESS,SG1,1,3
1110,1110,S3,S3,18 FT,8256,RCI,SG2,1,10
1130,1130,N9,N9,32 MA,5107,EXPRESS,SG1,1,1
1110,1110,S3,S3,18 FT,8251,RCI,SG1,1,3
1110,1110,W2,W2,32 MA,7250,RCI,SG1,1,5
1120,1120,N7,N7,32 SA,400025,LGB,SG2,2,8
1110,1110,W2,W2,32 MA,7250,RCI,SG1,2,2
1110,1110,E2,E2,32 MA,6000,ANAND,SG1,2,4
1160,1160,S1,S1,18 FT,8351,ILAN,SG2,2,8
1150,1150/1180,S6,S6_1,18 FT,8252,KTC,SG1,2,1
1160,1160,S1,S1_1,18 FT,400073,CHINNA,SG1,2,1
1150,1150/1180,S6,S6,32 MA,8153,EXPRESS,SG1,2,2
1160,1160,S1,S1_1,18 FT,8312,APML,SG1,2,2
1160,1160,S1,S1_1,32 MA,400078,MAHAVEERA,SG1,2,1
1120,1120,N7,N7,32 MA,400057,VARUNA,SG1,2,4
1150,1150/1180,S6,S6,18 FT,400060,KTC,SG2,2,9
1160,1160,S1,S1,18 FT,400031,MEGA,SG1,2,1
1110,1110,N2,N2,32 MA,5050,APML,SG1,2,4
1160,1160,S2,S2_1,18 FT,8103,KTC,SG1,2,3
1140,1140,S3,S3,32 MA,8256,EXPRESS,SG2,2,9
1140,1140,S3,S3,32 MA,8255,EXPRESS,SG2,2,8
1130,1130,N8,N8_1,32 MA,5203,SWASTIK,SG2,2,9
1150,1150/1180,W4,W4,32 MA,7254,RCI,SG1,2,4
1150,1150/1180,W4,W4,32 MA,7253,RCI,SG1,2,1
1130,1130,W6,W6,32 MA,7002,EAST INDIA,SG1,2,4
1150,1150/1180,S6,S6_1,18 FT,8253,KTC,SG1,2,5
1150,1150/1180,W4,W4,32 MA,7252,RCI,SG1,2,3
1110,1110,N3,N3,32 MA,5040,APML,SG1,2,1
1150,1150/1180,W3,W3_1,32 MA,400350,SWASTIK,SG1,2,3
1130,1130,W6,W6,32 MA,7051,EAST INDIA,SG1,2,2
1130,1130,N8,N8_1,32 MA,5152,LGB,SG1,2,4
1130,1130,N8,N8,32 MA,5306,SHRINIWASA,SG2,2,6
1110,1110,E1,E1,32 MA,6200,DGFC,SG1,2,2
1160,1160,S2,S2_1,18 FT,8104,KTC,SG1,2,2
1160,1160,S2,S2_1,18 FT,8105,KTC,SG2,2,8
1130,1130,W6,W6,32 MA,7102,EAST INDIA,SG1,2,3
1150,1150/1180,W3,W3_1,32 MA,7003,EXPRESS,SG1,2,4
1120,1120,S4,S4_1,18 FT,8052,VARUNA,SG2,2,8
1140,1140,S3,S3,18 FT,8257,SWASTIK,SG1,2,5
1150,1150/1180,W3,W3_1,32 MA,7001,APML,SG2,2,8
1160,1160,S2,S2,18 FT,400186,MAHAVEERA,SG1,2,5
1160,1160,N1,N1,32 MA,5001,DBRC,SG2,2,9
1150,1150/1180,E4,E4,32 MA,400307,VARUNA,SG1,2,1
1130,1130,W6,W6,32 MA,7103,EAST INDIA,SG2,2,6
1140,1140,S3,S3,18 FT,8251,KTC,SG1,2,4
1140,1140,S3,S3,18 FT,8156,KTC,SG1,2,1
1140,1140,S3,S3,18 FT,8155,INDOARYA,SG2,2,8
1110,1110,S2,S2,18 FT,400047,MEGA,SG1,2,5
1160,1160,N1,N1,32 MA,400211,LGB,SG1,2,1
1130,1130,W6,W6,32 MA,7105,EXPRESS,SG1,2,5
1120,1120,S4,S4_1,18 FT,8305,KTC,SG2,2,6
1160,1160,N1,N1,32 SA,400077,NSTCL,SG1,2,4
1150,1150/1180,E4,E4,32 MA,6103,KAPOOR,SG2,2,10
1150,1150/1180,S6,S6_1,18 FT,8254,KTC,SG1,2,3
1150,1150/1180,E4,E4,32 MA,6013,ANAND,SG2,2,10
1130,1130,W6,W6,32 MA,7151,LGB,SG1,2,3
1130,1130,W6,W6,32 MA,7152,EAST INDIA,SG2,2,8
1130,1130,E6,E6,32 MA,6102,NCS,SG1,2,3
1120,1120,S4,S4_1,18 FT,400063,EAST INDIA,SG2,2,10
1130,1130,W6,W6,32 MA,7153,LGB,SG1,2,2
1120,1120,S4,S4,32 MA,8150,MEGA,SG1,2,2
1120,1120,S4,S4,32 MA,400310,EXPRESS,SG2,2,6
1130,1130,W6,W6,32 MA,7154,MAHAVEERA,SG2,2,8
1150,1150/1180,S6,S6_1,18 FT,8258,KTC,SG2,2,10
1110,1110,S2,S2_1,32 MA,4001,MEGA,SG1,2,4
1150,1150/1180,N4,N4_1,32 MA,5155,LGB,SG2,2,10
1130,1130,W6,W6,32 MA,7157,RCI,SG1,2,2
1160,1160,N1,N1,32 SA,400323,NSTCL,SG2,2,10
1160,1160,N2,N2,32 MA,5305,DBRC,SG1,2,3
1140,1140,W1,W1,32 SA,400038,LGB,SG1,2,5
1150,1150/1180,N4,N4_1,32 MA,5153,LGB,SG2,2,7
1130,1130,W6,W6,32 MA,7251,LGB,SG2,2,6
1120,1120,E5,E5,32 MA,4002,DGFC,SG1,2,4
1110,1110,S1,S1,18 FT,400054,KTC,SG2,2,7
1160,1160,N2,N2,32 MA,400303,LGB,SG2,2,9
1110,1110,S1,S1,18 FT,400024,KTC,SG1,2,5
1160,1160,E2,E2,32 MA,6004,ANAND,SG1,2,1
1130,1130,W6,W6,32 MA,7302,RCI,SG2,2,6
1120,1120,E5,E5,32 MA,6053,DGFC,SG2,2,9
1150,1150/1180,N4,N4_1,32 MA,5151,DBRC,SG1,2,5
1130,1130,W6,W6,32 MA,104687,SWASTIK,SG1,2,2
1150,1150/1180,N4,N4,32 MA,400286,RCI,SG1,2,5
1160,1160,W1,W1,32 SA,400006,LGB,SG1,2,4
1160,1160,S1,S1_1,18 FT,400074,GBL,SG1,2,5
1140,1140,W1,W1,32 MA,400075,SWASTIK,SG1,2,4
1130,1130,S5,S5_1,18 FT,8311,MEGA,SG1,2,3
1130,1130,S5,S5_1,18 FT,8303,KTC,SG2,2,9
1180,1150/1180,S8,S8,18 FT,400171,KTC,SG2,2,6
1110,1110,S1,S1_1,32 MA,8300,CHINNA,SG1,2,3
1140,1140,W1,W1,32 MA,400003,RCI,SG1,2,4
1160,1160,W1,W1,32 SA,400034,LGB,SG1,2,1
1130,1130,S5,S5_1,18 FT,8006,KTC,SG1,2,1
1120,1120,N7,N7,32 SA,400044,RCI,SG2,2,9
1120,1120,N7,N7,32 SA,400045,RCI,SG2,2,8
1110,1110,S1,S1_2,18 FT,4000,DEVAKI,SG1,2,2
1130,1130,S5,S5_1,32 MA,400071,EXPRESS,SG2,2,10
1130,1130,S5,S5_1,32 MA,8301,EXPRESS,SG2,2,7
1160,1160,W1,W1,32 SA,400191,LGB,SG1,2,3
1140,1140,E2,E2,32 MA,6003,ANAND,SG2,2,7
1140,1140,E2,E2,32 MA,6001,ANAND,SG1,2,3
1120,1120,N7,N7,32 SA,400051,VARUNA,SG2,2,10
1160,1160,W1,W1,32 SA,400331,LGB,SG2,2,8
1140,1140,N2,N2,32 MA,400121,DRS,SG2,2,9
1150,1150/1180,N4,N4,32 MA,400020,EXPRESS,SG1,2,3
1180,1150/1180,N5,N5,32 SA,400011,VARUNA,SG1,2,5
1180,1150/1180,N4,N4,32 MA,400076,LGB,SG2,2,10
1130,1130,S5,S5_1,32 MA,8054,RCI,SG1,2,1
1140,1140,N3,N3,32 MA,400314,VARUNA,SG2,2,9
1130,1130,S5,S5_1,32 MA,8053,RCI,SG1,2,3
1130,1130,S5,S5_1,32 MA,8004,RCI,SG1,2,5
1170,1170/1190,S1,S1_1,32 MA,400196,LGB,SG2,2,7
1130,1130,S5,S5_1,32 MA,8003,EXPRESS,SG1,2,1
1130,1130,S5,S5_1,32 MA,8001,RCI,SG1,2,2
1140,1140,S1,S1_1,32 MA,400316,CHINNA,SG2,2,9
1160,1160,S3,S3,18 FT,8151,MAHAVEERA,SG1,2,2
1160,1160,S3,S3,18 FT,8261,MEGA,SG1,2,5
1140,1140,N3,N3,32 MA,5102,APML,SG1,2,5
1140,1140,N3,N3,32 MA,5101,APML,SG1,2,3
1140,1140,S1,S1_1,18 FT,8302,CHINNA,SG2,2,6
1150,1150/1180,S8,S8,18 FT,8313,GBL,SG2,2,6
1170,1170/1190,N1,N1_1,32 MA,400126,EAST INDIA,SG1,2,1
1120,1120,N7,N7,32 SA,400151,NSTCL,SG2,2,7
1140,1140,S1,S1,18 FT,8304,INDOARYA,SG1,2,2
1150,1150/1180,S7,S7_1,18 FT,8106,KTC,SG1,2,2
1140,1140,N1,N1,32 MA,400304,MAHAVEERA,SG2,2,7
1150,1150/1180,S7,S7_1,18 FT,8107,KTC,SG2,2,8
1120,1120,W5,W5,32 SA,400048,LGB,SG2,2,9
1140,1140,S1,S1,18 FT,8353,MEGA,SG1,2,1
1140,1140,S1,S1,18 FT,8354,SWASTIK,SG1,2,1
1140,1140,S1,S1,18 FT,8356,SWASTIK,SG2,2,8
1150,1150/1180,S7,S7,32 MA,400327,EXPRESS,SG2,2,9
1140,1140,S1,S1,32 MA,8352,COSMO,SG1,2,2
1150,1150/1180,E3,E3,32 MA,6202,DGFC,SG1,2,1
1150,1150/1180,E3,E3,32 MA,6207,KAPOOR,SG2,2,7
1170,1170/1190,E2,E2,32 MA,6011,KAPOOR,SG2,2,6
1140,1140,N1,N1,32 MA,400058,LGB,SG1,2,5
1120,1120,N7,N7,32 SA,400206,NSTCL,SG2,2,6
1150,1150/1180,E3,E3,32 MA,400035,KTC,SG2,2,7
1110,1110,S1,S1_2,18 FT,4003,DEVAKI,SG1,2,5
1150,1150/1180,N6,N6,32 MA,5051,DBRC,SG1,2,2
1120,1120,W5,W5,32 SA,400043,LGB,SG1,2,2
1140,1140,S2,S2,32 MA,400299,MEGA,SG1,2,2
1120,1120,N7,N7,32 SA,400347,NSTCL,SG2,2,9
1150,1150/1180,N6,N6,32 MA,5105,DBRC,SG2,2,8
1140,1140,S2,S2,32 MA,400311,MEGA,SG1,2,4
1150,1150/1180,N6,N6,32 MA,5107,DBRC,SG2,2,6
1140,1140,N1,N1,32 MA,400021,LGB,SG1,2,4
1150,1150/1180,N5,N5,32 MA,400292,RCI,SG2,2,10
1140,1140,S2,S2,18 FT,7104,INDOARYA,SG1,2,3
1140,1140,S2,S2,18 FT,8002,INDOARYA,SG1,2,4
1190,1170/1190,S1,S1_1,32 MA,400334,GBL,SG2,2,10
1120,1120,N7,N7,32 MA,5104,DRS,SG2,2,6
1140,1140,S2,S2,18 FT,8005,KTC,SG1,2,5
1140,1140,S2,S2,18 FT,8051,KTC,SG1,2,3
1120,1120,W5,W5,32 MA,7150,EXPRESS,SG1,2,5
1140,1140,S2,S2,18 FT,8055,KTC,SG2,2,9
1140,1140,S2,S2,18 FT,8102,MEGA,SG1,2,1
1120,1120,N7,N7,32 MA,5120,LGB,SG2,2,6
1150,1150/1180,N5,N5,32 MA,5251,LGB,SG1,2,1
1120,1120,W5,W5,32 MA,7000,EXPRESS,SG1,2,2
1190,1170/1190,N3,N3,32 MA,5103,LGB,SG1,2,3
1120,1120,N7,N7,32 MA,5301,LGB,SG2,2,8
1160,1160,W1,W1,32 SA,400331,LGB,SG2,3,10
1160,1160,S2,S2,18 FT,400186,MEGA,SG2,3,9
1140,1140,W2,W2,32 MA,7302,SWASTIK,SG1,3,3
1180,1150/1180,N5,N5,32 MA,400292,VARUNA,SG2,3,6
1150,1150/1180,W4,W4,32 MA,7252,SWASTIK,SG1,3,5
1120,1120,N7,N7,32 MA,5120,MAHAVEERA,SG1,3,3
1160,1160,W1,W1,32 SA,400191,LGB,SG2,3,7
1130,1130,W6,W6,32 MA,7151,MAHAVEERA,SG1,3,4
1180,1150/1180,S8,S8,18 FT,400171,KTC,SG2,3,10
1130,1130,W6,W6,32 MA,7152,EXPRESS,SG1,3,4
1120,1120,S4,S4,32 MA,400310,EXPRESS,SG2,3,8
1130,1130,N8,N8,32 MA,5301,LGB,SG2,3,9
1130,1130,S5,S5_1,32 MA,8305,EXPRESS,SG2,3,7
1130,1130,W6,W6,32 MA,7153,MAHAVEERA,SG2,3,9
1160,1160,S2,S2,18 FT,8005,MAHAVEERA,SG1,3,1
1160,1160,S2,S2,18 FT,7104,MAHAVEERA,SG1,3,5
1150,1150/1180,W3,W3,32 MA,7157,EXPRESS,SG2,3,6
1110,1110,E1,E1,32 MA,6200,DGFC,SG2,3,8
1110,1110,S1,S1_2,18 FT,4000,CHINNA,SG1,3,4
1160,1160,S2,S2_1,18 FT,8103,KTC,SG1,3,4
1120,1120,E5,E5,32 MA,4002,KAPOOR,SG1,3,5
1170,1170/1190,E2,E2,32 MA,6004,KAPOOR,SG1,3,3
1150,1150/1180,N4,N4_1,32 MA,5151,EXPRESS,SG1,3,1
1140,1140,W1,W1,32 SA,400038,LGB,SG1,3,2
1130,1130,S5,S5_1,18 FT,8001,DGFC,SG2,3,6
1190,1170/1190,S2,S2,18 FT,8002,GBL,SG1,3,2
1110,1110,N3,N3,32 MA,5040,DRS,SG1,3,2
1130,1130,W6,W6,32 MA,7251,RCI,SG2,3,7
1120,1120,W5,W5,32 MA,7150,MEGA,SG1,3,3
1110,1110,S1,S1,18 FT,400024,MEGA,SG1,3,4
1110,1110,S1,S1_1,32 MA,8300,CHINNA,SG1,3,1
1170,1170/1190,N1,N1_1,32 MA,400126,LGB,SG1,3,5
1160,1160,W1,W1,32 SA,400034,LGB,SG1,3,3
1120,1120,W5,W5,32 MA,7250,EXPRESS,SG2,3,10
1190,1170/1190,S2,S2_1,18 FT,8107,MEGA,SG2,3,10
1150,1150/1180,N4,N4,32 MA,400286,VARUNA,SG1,3,3
1190,1170/1190,S2,S2_1,18 FT,8106,MEGA,SG2,3,6
1130,1130,W6,W6,32 MA,104687,SWASTIK,SG2,3,6
1170,1170/1190,N1,N1_1,32 MA,5155,COSMO,SG2,3,7
1170,1170/1190,N1,N1_1,32 MA,5153,COSMO,SG2,3,9
1130,1130,N8,N8_1,32 MA,5203,VIKAS,SG2,3,6
1140,1140,W1,W1,32 MA,400075,MEGA,SG2,3,7
1110,1110,S2,S2_1,32 MA,4001,ANAND,SG1,3,5
1160,1160,S1,S1,18 FT,400031,KTC,SG2,3,6
1150,1150/1180,N4,N4,32 MA,400058,EXPRESS,SG1,3,3
1170,1170/1190,N3,N3,32 MA,5107,DBRC,SG2,3,7
1170,1170/1190,S1,S1,18 FT,8313,GBL,SG1,3,4
1140,1140,W1,W1,32 MA,400003,SWASTIK,SG1,3,2
1120,1120,N7,N7,32 SA,400025,NSTCL,SG1,3,1
1120,1120,W5,W5,32 SA,400043,NSTCL,SG1,3,3
1150,1150/1180,N6,N6,32 MA,5051,DRS,SG1,3,4
1150,1150/1180,N4,N4,32 MA,400057,DBRC,SG2,3,10
1160,1160,W1,W1,32 SA,400006,LGB,SG1,3,5
1140,1140,W1,W1,32 MA,7154,EXPRESS,SG1,3,5
1140,1140,W1,W1,32 MA,7002,APML,SG2,3,7
1130,1130,N9,N9,32 MA,5104,CORE,SG1,3,3
1150,1150/1180,E3,E3,32 MA,400035,NCS,SG2,3,9
1160,1160,S1,S1,18 FT,8356,KTC,SG1,3,2
1160,1160,S1,S1,18 FT,8352,KTC,SG1,3,1
1150,1150/1180,S6,S6_1,18 FT,8256,KTC,SG2,3,7
1160,1160,S1,S1,18 FT,8304,ILAN,SG1,3,4
1160,1160,S1,S1_1,18 FT,400074,ILAN,SG1,3,1
1150,1150/1180,S6,S6_1,18 FT,8255,KTC,SG1,3,4
1150,1150/1180,S6,S6_1,18 FT,8254,RCI,SG2,3,9
1120,1120,N7,N7,32 SA,400044,VARUNA,SG1,3,4
1150,1150/1180,W3,W3_1,32 MA,7001,DGFC,SG2,3,10
1170,1170/1190,S1,S1_1,32 MA,400196,GBL,SG2,3,9
1160,1160,S2,S2,18 FT,400299,MAHAVEERA,SG2,3,6
1140,1140,N3,N3,32 MA,400314,VARUNA,SG2,3,8
1120,1120,N7,N7,32 SA,400045,VARUNA,SG2,3,7
1150,1150/1180,S7,S7,18 FT,8055,KTC,SG2,3,6
1150,1150/1180,S7,S7,18 FT,8051,KTC,SG1,3,5
1160,1160,N2,N2,32 MA,400303,VARUNA,SG1,3,1
1190,1170/1190,N1,N1,32 MA,400020,AVG,SG2,3,10
1180,1150/1180,N4,N4,32 MA,400304,VARUNA,SG2,3,9
1110,1110,S2,S2,18 FT,400047,GBL,SG2,3,7
1140,1140,S1,S1_1,32 MA,400316,CHINNA,SG2,3,8
1120,1120,W5,W5,32 SA,400048,LGB,SG2,3,6
1120,1120,N7,N7,32 SA,400051,EAST INDIA,SG2,3,9
1150,1150/1180,S6,S6_1,18 FT,8252,RCI,SG1,3,3
1150,1150/1180,S7,S7_1,32 MA,8105,MEGA,SG2,3,9
1140,1140,N1,N1_1,32 MA,5152,SWASTIK,SG1,3,1
1140,1140,S1,S1_1,18 FT,8301,CHINNA,SG1,3,5
1160,1160,S1,S1_1,32 MA,400078,MAHAVEERA,SG2,3,8
1150,1150/1180,S7,S7_1,32 MA,8104,MEGA,SG2,3,8
1160,1160,N2,N2,32 MA,400121,DBRC,SG2,3,6
1180,1150/1180,N4,N4,32 MA,400076,RCI,SG1,3,4
1140,1140,S1,S1,18 FT,8303,INDOARYA,SG1,3,1
1160,1160,N1,N1,32 SA,400323,NSTCL,SG2,3,8
1150,1150/1180,S8,S8,18 FT,8354,KTC,SG1,3,3
1150,1150/1180,S8,S8,18 FT,8351,GBL,SG2,3,6
1140,1140,S1,S1,18 FT,8311,INDOARYA,SG2,3,10
1130,1130,W6,W6,32 MA,7000,BLR,SG1,3,1
1150,1150/1180,S6,S6,32 MA,8156,EXPRESS,SG2,3,9
1150,1150/1180,S8,S8,18 FT,8302,GBL,SG1,3,1
1150,1150/1180,S6,S6,32 MA,8153,COSMO,SG1,3,4
1150,1150/1180,S8,S8,32 MA,400063,RCI,SG2,3,8
1150,1150/1180,E4,E4,32 MA,6013,KAPOOR,SG2,3,8
1190,1170/1190,S1,S1_1,32 MA,400334,GBL,SG2,3,7
1140,1140,S1,S1,32 MA,8353,COSMO,SG2,3,6
1150,1150/1180,S6,S6,32 MA,8151,EXPRESS,SG1,3,4
1130,1130,E6,E6,32 MA,6053,ANAND,SG2,3,8
1160,1160,S3,S3,18 FT,8155,MAHAVEERA,SG2,3,10
1150,1150/1180,S6,S6,18 FT,400060,KTC,SG2,3,10
1120,1120,S4,S4_1,18 FT,400054,EAST INDIA,SG2,3,8
1130,1130,W6,W6,32 MA,7051,EXPRESS,SG1,3,1
1140,1140,S3,S3,32 MA,8251,EXPRESS,SG1,3,5
1130,1130,E6,E6,32 MA,6102,KAPOOR,SG1,3,4
1160,1160,N1,N1,32 SA,400077,NSTCL,SG1,3,2
1150,1150/1180,E4,E4,32 MA,6003,ANAND,SG1,3,2
1150,1150/1180,E4,E4,32 MA,6001,ANAND,SG1,3,4
1180,1150/1180,N5,N5,32 SA,400011,LGB,SG2,3,8
1150,1150/1180,S6,S6,18 FT,8261,KTC,SG2,3,8
1140,1140,S2,S2,32 MA,400311,MEGA,SG2,3,6
1130,1130,W6,W6,32 MA,7102,EXPRESS,SG1,3,2
1140,1140,N1,N1,32 MA,400021,MAHAVEERA,SG1,3,3
1130,1130,S5,S5_1,32 MA,8003,RCI,SG1,3,2
1150,1150/1180,S6,S6,18 FT,8257,KTC,SG2,3,9
1120,1120,S4,S4,32 MA,8150,EXPRESS,SG1,3,4
1110,1110,S1,S1_2,18 FT,4003,CHINNA,SG2,3,7
1110,1110,E2,E2,32 MA,6000,ANAND,SG1,3,3
1150,1150/1180,W4,W4,32 MA,7254,SWASTIK,SG1,3,3
1140,1140,S2,S2,18 FT,8004,INDOARYA,SG2,3,6
1130,1130,S5,S5_1,32 MA,8052,EXPRESS,SG2,3,6
1140,1140,S2,S2,18 FT,8006,KTC,SG1,3,3
1120,1120,N7,N7,32 SA,400347,NSTCL,SG2,3,6
1130,1130,W6,W6,32 MA,7103,EXPRESS,SG1,3,3
1140,1140,S2,S2,18 FT,8054,KTC,SG2,3,10
1170,1170/1190,E1,E1,32 MA,6202,DGFC,SG1,3,3
1160,1160,N1,N1,32 MA,400211,EAST INDIA,SG2,3,7
1140,1140,S2,S2,18 FT,8102,SWASTIK,SG1,3,5
1130,1130,S5,S5_1,32 MA,8053,EXPRESS,SG2,3,8
1120,1120,N7,N7,32 MA,5050,DRS,SG2,3,8
1150,1150/1180,N5,N5,32 MA,5306,LGB,SG2,3,10
1150,1150/1180,N5,N5,32 MA,5305,DRS,SG2,3,10
1130,1130,W6,W6,32 MA,7105,INDOARYA,SG2,3,6
1170,1170/1190,S2,S2,18 FT,8051,GBL,SG2,4,8
1150,1150/1180,W4,W4,32 MA,7252,TRUE FREIGHT,SG1,4,1
1140,1140,S2,S2,32 MA,400311,MEGA,SG2,4,8
1140,1140,S1,S1,18 FT,8311,KTC,SG1,4,2
1140,1140,N1,N1_1,32 MA,5203,VARUNA,SG1,4,2
1110,1110,S1,S1_2,18 FT,4000,DEVAKI,SG1,4,3
1150,1150/1180,S6,S6,32 MA,8156,COSMO,SG2,4,10
1140,1140,S1,S1_1,32 MA,400316,CHINNA,SG2,4,10
1190,1170/1190,N1,N1,32 MA,400020,COSMO,SG1,4,5
1150,1150/1180,W3,W3,32 MA,7157,MEGA,SG1,4,1
1190,1170/1190,E1,E1,32 MA,6202,KAPOOR,SG1,4,2
1150,1150/1180,W3,W3,32 MA,400048,EXPRESS,SG2,4,7
1190,1170/1190,S2,S2,18 FT,8054,GBL,SG2,4,9
1150,1150/1180,E4,E4,32 MA,6003,KAPOOR,SG1,4,3
1120,1120,S4,S4_1,18 FT,400054,KTC,SG2,4,9
1150,1150/1180,E4,E4,32 MA,6001,KAPOOR,SG1,4,1
1190,1170/1190,S2,S2_1,18 FT,8104,MEGA,SG1,4,3
1150,1150/1180,W3,W3,32 MA,7154,EXPRESS,SG1,4,1
1140,1140,W1,W1,32 MA,7105,EAST INDIA,SG2,4,10
1150,1150/1180,W3,W3,32 MA,7153,EXPRESS,SG1,4,3
1140,1140,W1,W1,32 MA,7151,EXPRESS,SG1,4,5
1150,1150/1180,W3,W3,32 MA,400075,EXPRESS,SG2,4,10
1190,1170/1190,S1,S1,18 FT,8354,GBL,SG2,4,10
1140,1140,W1,W1,32 MA,400003,EXPRESS,SG2,4,9
1120,1120,S4,S4,32 MA,8150,MEGA,SG1,4,5
1130,1130,W6,W6,32 MA,104687,SWASTIK,SG2,4,10
1130,1130,W6,W6,32 MA,7251,SWASTIK,SG1,4,4
1140,1140,W1,W1,32 SA,400038,LGB,SG2,4,7
1130,1130,W6,W6,32 MA,7152,LGB,SG1,4,1
1130,1130,W6,W6,32 MA,7103,INDOARYA,SG2,4,8
1120,1120,S4,S4,32 MA,400310,EXPRESS,SG2,4,10
1130,1130,W6,W6,32 MA,7102,INDOARYA,SG1,4,5
1150,1150/1180,S6,S6,32 MA,8153,EXPRESS,SG2,4,6
1130,1130,W6,W6,32 MA,7051,INDOARYA,SG1,4,4
1140,1140,S3,S3,32 MA,8251,COSMO,SG1,4,1
1130,1130,W6,W6,32 MA,7000,DGFC,SG1,4,5
1120,1120,E5,E5,32 MA,4002,KTC,SG1,4,2
1190,1170/1190,S1,S1,18 FT,8313,GBL,SG1,4,3
1160,1160,S1,S1_1,32 MA,400078,MAHAVEERA,SG2,4,7
1160,1160,S1,S1_1,18 FT,400074,APML,SG2,4,9
1120,1120,E5,E5,32 MA,6000,DGFC,SG1,4,2
1150,1150/1180,S6,S6_1,18 FT,8256,KTC,SG2,4,6
1120,1120,E5,E5,32 MA,6200,KAPOOR,SG1,4,5
1160,1160,S1,S1,18 FT,8353,KTC,SG1,4,4
1130,1130,N9,N9,32 MA,5104,DRS,SG1,4,2
1160,1160,S1,S1,18 FT,400031,MEGA,SG1,4,5
1160,1160,S2,S2_1,18 FT,8102,MEGA,SG2,4,10
1150,1150/1180,S6,S6,32 MA,8151,COSMO,SG1,4,1
1160,1160,S2,S2,18 FT,8006,MAHAVEERA,SG1,4,5
1130,1130,N8,N8,32 MA,5301,RCI,SG2,4,6
1160,1160,S2,S2,18 FT,400186,MAHAVEERA,SG1,4,2
1160,1160,S2,S2,18 FT,400299,MAHAVEERA,SG2,4,9
1150,1150/1180,S6,S6,32 MA,8261,COSMO,SG2,4,10
1150,1150/1180,N4,N4,32 MA,400286,EXPRESS,SG2,4,8
1130,1130,E6,E6,32 MA,6102,NCS,SG1,4,5
1160,1160,N1,N1,32 SA,400077,NSTCL,SG1,4,3
1130,1130,E6,E6,32 MA,6053,KAPOOR,SG1,4,4
1160,1160,N1,N1,32 SA,400323,NSTCL,SG2,4,7
1160,1160,N1,N1_1,32 MA,5152,DBRC,SG1,4,3
1150,1150/1180,S6,S6,32 MA,400060,COSMO,SG2,4,7
1170,1170/1190,S2,S2,18 FT,8055,GBL,SG2,4,7
1140,1140,N1,N1,32 MA,400021,RCI,SG1,4,5
1150,1150/1180,N4,N4,32 MA,400058,LGB,SG1,4,4
1160,1160,N2,N2,32 MA,400121,DRS,SG1,4,3
1160,1160,N2,N2,32 MA,400303,VIKAS,SG1,4,3
1150,1150/1180,N4,N4,32 MA,400057,EXPRESS,SG1,4,2
1120,1120,N7,N7,32 SA,400025,RCI,SG1,4,3
1120,1120,N7,N7,32 SA,400051,NSTCL,SG1,4,5
1110,1110,S2,S2_1,32 MA,4001,EXPRESS,SG1,4,2
1150,1150/1180,S6,S6,18 FT,8257,KTC,SG2,4,8
1150,1150/1180,S6,S6,18 FT,8155,KTC,SG2,4,7
1160,1160,W1,W1,32 SA,400006,LGB,SG1,4,3
1130,1130,S5,S5_1,18 FT,8305,MEGA,SG1,4,2
1130,1130,S5,S5_1,18 FT,8053,KTC,SG2,4,7
1130,1130,S5,S5_1,18 FT,8052,KTC,SG1,4,1
1160,1160,W1,W1,32 SA,400034,LGB,SG1,4,5
1130,1130,S5,S5_1,18 FT,8003,KTC,SG1,4,3
1130,1130,S5,S5_1,18 FT,8001,EAST INDIA,SG1,4,4
1160,1160,W1,W1,32 SA,400191,LGB,SG2,4,9
1150,1150/1180,S6,S6_1,18 FT,8252,KTC,SG1,4,5
1110,1110,S1,S1_2,18 FT,4003,DEVAKI,SG1,4,4
1120,1120,S4,S4_1,18 FT,400024,EAST INDIA,SG2,4,6
1110,1110,N3,N3,32 MA,5040,APML,SG2,4,6
1160,1160,W2,W2,32 MA,7302,RCI,SG2,4,10
1150,1150/1180,N5,N5,32 SA,5306,LGB,SG1,4,2
1110,1110,S2,S2,18 FT,400047,KTC,SG1,4,4
1150,1150/1180,N5,N5,32 SA,5305,LGB,SG1,4,4
1170,1170/1190,N1,N1_1,32 MA,400126,RCI,SG1,4,4
1150,1150/1180,N5,N5,32 MA,400045,RCI,SG1,4,1
1170,1170/1190,N1,N1_1,32 MA,5153,DBRC,SG1,4,4
1120,1120,N7,N7,32 MA,5050,EAST INDIA,SG1,4,2
1170,1170/1190,N1,N1_1,32 MA,5151,AVG,SG1,4,2
1150,1150/1180,S6,S6_1,18 FT,8254,KTC,SG1,4,1
1170,1170/1190,S1,S1_1,32 MA,400196,LGB,SG2,4,8
1150,1150/1180,S8,S8,18 FT,8301,GBL,SG1,4,4
1150,1150/1180,S8,S8,18 FT,8303,GBL,SG1,4,5
1150,1150/1180,S8,S8,18 FT,8304,GBL,SG1,4,1
1120,1120,N7,N7,32 MA,5120,RCI,SG1,4,1
1180,1150/1180,N6,N6,32 MA,400314,RCI,SG1,4,5
1150,1150/1180,S8,S8,18 FT,8351,KTC,SG1,4,4
1150,1150/1180,S8,S8,18 FT,8352,GBL,SG2,4,6
1180,1150/1180,N4,N4,32 SA,400076,LGB,SG1,4,1
1150,1150/1180,S8,S8,18 FT,8356,KTC,SG2,4,10
1180,1150/1180,N4,N4,32 MA,400304,VARUNA,SG2,4,8
1150,1150/1180,S7,S7_1,18 FT,8103,KTC,SG1,4,5
1150,1150/1180,S7,S7_1,18 FT,8105,KTC,SG1,4,2
1150,1150/1180,S7,S7,18 FT,7104,KTC,SG1,4,2
1150,1150/1180,S7,S7,18 FT,8004,KTC,SG1,4,1
1150,1150/1180,S7,S7,18 FT,8005,KTC,SG1,4,2
1150,1150/1180,W3,W3_1,32 MA,7002,DGFC,SG2,4,9
1150,1150/1180,W3,W3_1,32 MA,7001,EAST INDIA,SG2,4,7
1120,1120,W5,W5,32 MA,7150,RCI,SG1,4,2
1120,1120,W5,W5,32 MA,7250,MEGA,SG1,4,4
1180,1150/1180,N4,N4,32 MA,400211,RCI,SG1,4,5
1150,1150/1180,W4,W4,32 MA,7254,TRUE FREIGHT,SG2,4,10
1150,1150/1180,E3,E3,32 MA,400035,VARUNA,SG2,4,6
1110,1110,S1,S1_1,32 MA,8300,CHINNA,SG1,4,4
1120,1120,W5,W5,32 SA,400043,LGB,SG1,4,5
1180,1150/1180,S8,S8,18 FT,400171,KTC,SG2,4,8
1150,1150/1180,S6,S6_1,18 FT,8255,RCI,SG2,4,7
1180,1150/1180,N5,N5,32 SA,400011,RCI,SG2,4,9
1160,1160,N1,N1,32 SA,400323,NSTCL,SG2,5,9
1130,1130,W6,W6,32 MA,7000,EAST INDIA,SG1,5,5
1160,1160,N2,N2,32 MA,400303,DRS,SG1,5,5
1140,1140,N1,N1,32 MA,400021,VARUNA,SG1,5,3
1150,1150/1180,S6,S6,32 MA,8156,EXPRESS,SG2,5,7
1190,1170/1190,S1,S1,18 FT,8313,GBL,SG1,5,2
1170,1170/1190,S2,S2,18 FT,8005,GBL,SG1,5,3
1170,1170/1190,S2,S2,18 FT,8004,GBL,SG1,5,4
1170,1170/1190,W1,W1,32 MA,7157,EXPRESS,SG2,5,9
1110,1110,S2,S2_1,32 MA,4001,MEGA,SG1,5,2
1120,1120,S4,S4_1,18 FT,400024,KTC,SG2,5,9
1150,1150/1180,S6,S6,32 MA,8153,COSMO,SG1,5,3
1150,1150/1180,S6,S6,32 MA,8151,EXPRESS,SG1,5,4
1140,1140,S2,S2,32 MA,400311,MEGA,SG2,5,7
1120,1120,N7,N7,32 SA,400051,NSTCL,SG1,5,4
1160,1160,S1,S1_1,32 MA,400078,MAHAVEERA,SG2,5,10
1150,1150/1180,N4,N4_1,32 MA,5152,DBRC,SG1,5,5
1140,1140,W1,W1,32 MA,7151,MEGA,SG1,5,1
1160,1160,S1,S1_1,18 FT,400074,CHINNA,SG2,5,6
1140,1140,W1,W1,32 MA,7152,EXPRESS,SG1,5,3
1160,1160,W1,W1,32 SA,400034,LGB,SG1,5,2
1150,1150/1180,S6,S6,32 MA,8155,EXPRESS,SG2,5,9
1190,1170/1190,S1,S1,18 FT,8354,GBL,SG2,5,6
1170,1170/1190,E1,E1,32 MA,400035,DGFC,SG1,5,4
1160,1160,S1,S1,18 FT,8311,ILAN,SG2,5,7
1160,1160,W1,W1,32 SA,400191,LGB,SG2,5,6
1140,1140,S2,S2,32 MA,8053,EXPRESS,SG1,5,1
1150,1150/1180,S6,S6_1,18 FT,8252,RCI,SG1,5,2
1130,1130,N9,N9,32 MA,5104,EAST INDIA,SG1,5,4
1110,1110,S1,S1_2,18 FT,4003,CHINNA,SG2,5,9
1160,1160,S3,S3_1,18 FT,8251,MAHAVEERA,SG1,5,4
1190,1170/1190,S2,S2,18 FT,8051,GBL,SG2,5,10
1140,1140,W1,W1,32 MA,400003,MEGA,SG2,5,6
1160,1160,S1,S1,18 FT,400031,KTC,SG2,5,8
1120,1120,E5,E5,32 MA,6200,KTC,SG2,5,10
1170,1170/1190,W2,W2,32 MA,7254,HARSH,SG1,5,5
1110,1110,S2,S2,18 FT,400047,KTC,SG2,5,6
1140,1140,S1,S1_1,32 MA,400316,CHINNA,SG2,5,7
1130,1130,W6,W6,32 MA,104687,SWASTIK,SG2,5,9
1170,1170/1190,N1,N1_1,32 MA,400126,SWASTIK,SG1,5,2
1150,1150/1180,W3,W3,32 MA,7105,APML,SG2,5,8
1120,1120,N7,N7,32 SA,5040,EAST INDIA,SG1,5,5
1180,1150/1180,S8,S8,18 FT,8351,KTC,SG1,5,3
1160,1160,S2,S2,18 FT,8001,MAHAVEERA,SG1,5,1
1130,1130,N8,N8,32 MA,5301,SHREE SHYAM,SG1,5,5
1120,1120,N7,N7,32 MA,5050,LGB,SG1,5,1
1170,1170/1190,N1,N1_1,32 MA,5151,COSMO,SG1,5,4
1160,1160,N2,N2,32 MA,400121,LGB,SG2,5,10
1130,1130,W6,W6,32 MA,7251,EXPRESS,SG2,5,8
1170,1170/1190,S1,S1,18 FT,8356,GBL,SG2,5,9
1150,1150/1180,W3,W3_1,32 MA,7002,EAST INDIA,SG2,5,6
1150,1150/1180,S8,S8,32 MA,8353,EXPRESS,SG2,5,7
1170,1170/1190,S1,S1,18 FT,8304,GBL,SG1,5,5
1150,1150/1180,S6,S6,32 MA,8257,EXPRESS,SG2,5,6
1150,1150/1180,E4,E4,32 MA,6003,KTC,SG2,5,9
1180,1150/1180,N6,N6,32 MA,400314,VARUNA,SG1,5,2
1160,1160,S2,S2,18 FT,400186,MAHAVEERA,SG1,5,4
1150,1150/1180,N4,N4,32 MA,400286,LGB,SG2,5,9
1190,1170/1190,S2,S2,18 FT,7104,GBL,SG1,5,2
1140,1140,W1,W1,32 SA,400038,LGB,SG2,5,8
1180,1150/1180,N4,N4,32 SA,400076,RCI,SG1,5,5
1190,1170/1190,S1,S1,18 FT,8303,GBL,SG1,5,3
1150,1150/1180,S6,S6_1,18 FT,8256,KTC,SG2,5,7
1120,1120,S4,S4,32 MA,8150,EXPRESS,SG1,5,5
1180,1150/1180,N4,N4,32 MA,400304,VARUNA,SG2,5,10
1140,1140,S2,S2,18 FT,8052,KTC,SG2,5,7
1120,1120,S4,S4_1,18 FT,400054,VARUNA,SG2,5,7
1120,1120,N7,N7,32 MA,5120,SWASTIK,SG1,5,4
1150,1150/1180,S7,S7_1,32 MA,8102,MEGA,SG1,5,3
1130,1130,W6,W6,32 MA,7103,LGB,SG1,5,4
1160,1160,N1,N1,32 SA,400077,NSTCL,SG1,5,1
1140,1140,S1,S1,18 FT,8305,INDOARYA,SG2,5,9
1130,1130,E6,E6,32 MA,6000,ANAND,SG1,5,1
1140,1140,E2,E2,32 MA,6053,NCS,SG2,5,7
1150,1150/1180,S7,S7,18 FT,8006,KTC,SG1,5,5
1140,1140,S2,S2,18 FT,8003,INDOARYA,SG2,5,7
1130,1130,W6,W6,32 MA,7102,LGB,SG1,5,4
1160,1160,N1,N1_1,32 MA,5203,EAST INDIA,SG1,5,5
1150,1150/1180,W4,W4,32 MA,7302,RCI,SG2,5,8
1190,1170/1190,S1,S1_1,18 FT,8301,GBL,SG1,5,1
1180,1150/1180,N4,N4,32 MA,400211,VARUNA,SG1,5,2
1140,1140,E2,E2,32 MA,6102,VARUNA,SG1,5,1
1150,1150/1180,S6,S6,32 MA,400060,COSMO,SG2,5,8
1110,1110,S1,S1_1,32 MA,8300,CHINNA,SG2,5,8
1120,1120,S4,S4,32 MA,400310,EXPRESS,SG2,5,7
1180,1150/1180,S8,S8,18 FT,8352,KTC,SG1,5,5
1180,1150/1180,S7,S7_1,18 FT,8105,KTC,SG2,5,10
1180,1150/1180,S7,S7_1,18 FT,8103,KTC,SG2,5,8
1120,1120,W5,W5,32 SA,400043,NSTCL,SG2,5,10
1150,1150/1180,N4,N4,32 MA,400058,RCI,SG1,5,1
1120,1120,W5,W5,32 SA,7250,LGB,SG1,5,3
1120,1120,W5,W5,32 SA,7150,LGB,SG1,5,4
1140,1140,W1,W1,32 MA,7051,EAST INDIA,SG1,5,5
1110,1110,S1,S1_2,18 FT,4000,CHINNA,SG1,5,2
1150,1150/1180,S6,S6_1,18 FT,8255,KTC,SG1,5,1
1130,1130,E6,E6,32 MA,4002,ANAND,SG1,5,5
1150,1150/1180,N4,N4,32 MA,400057,LGB,SG1,5,3
1180,1150/1180,S8,S8,18 FT,400171,KTC,SG2,5,9
1190,1170/1190,S1,S1,18 FT,8353,GBL,SG2,6,8
1140,1140,W1,W1,32 MA,7000,APML,SG1,6,2
1140,1140,S1,S1_1,32 MA,400316,CHINNA,SG2,6,6
1160,1160,W2,W2,32 MA,104687,SWASTIK,SG1,6,1
1160,1160,N1,N1,32 SA,400077,NSTCL,SG1,6,5
1150,1150/1180,W3,W3_1,32 MA,7051,EXPRESS,SG1,6,2
1160,1160,S1,S1_1,32 MA,400078,MAHAVEERA,SG2,6,9
1130,1130,E6,E6,32 MA,6000,KAPOOR,SG1,6,2
1190,1170/1190,S2,S2_1,18 FT,8103,MEGA,SG1,6,2
1130,1130,N9,N9,32 MA,5120,LGB,SG2,6,9
1170,1170/1190,N1,N1_1,32 MA,400126,VARUNA,SG1,6,3
1110,1110,S2,S2_1,32 MA,4001,ANAND,SG2,6,9
1160,1160,N1,N1,32 SA,400323,NSTCL,SG2,6,8
1190,1170/1190,S2,S2_1,32 MA,8105,EXPRESS,SG2,6,10
1150,1150/1180,N4,N4_1,32 MA,5203,RCI,SG2,6,10
1160,1160,S1,S1_1,18 FT,400074,ILAN,SG1,6,3
1150,1150/1180,S6,S6,32 MA,8155,COSMO,SG1,6,2
1140,1140,S2,S2,32 MA,400311,MEGA,SG2,6,9
1150,1150/1180,S6,S6_1,18 FT,8251,KTC,SG1,6,3
1150,1150/1180,S6,S6_1,18 FT,8256,KTC,SG2,6,6
1140,1140,W1,W1,32 SA,400038,LGB,SG2,6,10
1140,1140,S1,S1,18 FT,8305,KTC,SG1,6,1
1170,1170/1190,S1,S1,18 FT,8352,GBL,SG2,6,8
1130,1130,N9,N9,32 MA,5104,EXPRESS,SG1,6,4
1140,1140,W2,W2,32 MA,7251,APML,SG2,6,10
1130,1130,W6,W6,32 MA,7250,EXPRESS,SG2,6,6
1150,1150/1180,N4,N4,32 MA,400057,RCI,SG1,6,4
1180,1150/1180,N6,N6,32 MA,400314,RCI,SG2,6,10
1160,1160,N2,N2,32 MA,400121,RCI,SG2,6,7
1130,1130,E6,E6,32 MA,4002,KAPOOR,SG1,6,1
1140,1140,N1,N1,32 MA,400021,APML,SG2,6,7
1190,1170/1190,S1,S1,18 FT,8304,MEGA,SG1,6,4
1120,1120,S4,S4,32 MA,8150,MEGA,SG2,6,8
1150,1150/1180,S8,S8,18 FT,8311,GBL,SG2,6,9
1130,1130,W6,W6,32 MA,7150,EAST INDIA,SG2,6,9
1160,1160,N2,N2,32 MA,400303,VARUNA,SG1,6,4
1160,1160,S1,S1,18 FT,400031,MEGA,SG1,6,3
1130,1130,W6,W6,32 MA,7103,MAHAVEERA,SG1,6,2
1150,1150/1180,W3,W3,32 MA,7105,DGFC,SG1,6,1
1170,1170/1190,S2,S2,18 FT,8005,EAST INDIA,SG1,6,1
1190,1170/1190,S1,S1,18 FT,8303,MEGA,SG1,6,4
1150,1150/1180,S6,S6,32 MA,8153,EXPRESS,SG2,6,8
1190,1170/1190,W1,W1,32 MA,400003,EXPRESS,SG2,6,10
1190,1170/1190,S2,S2,18 FT,8004,GBL,SG1,6,5
1130,1130,W6,W6,32 MA,7102,MAHAVEERA,SG1,6,3
1160,1160,E2,E2,32 MA,6102,ANAND,SG2,6,6
1150,1150/1180,W4,W4,32 MA,7302,SWASTIK,SG2,6,7
1150,1150/1180,S6,S6,32 MA,8156,COSMO,SG2,6,6
1150,1150/1180,S7,S7,18 FT,8001,KTC,SG1,6,4
1130,1130,N8,N8,32 MA,5301,SHRINIWASA,SG1,6,1
1120,1120,S4,S4_1,18 FT,400047,EAST INDIA,SG2,6,8
1160,1160,W1,W1,32 MA,7151,MAHAVEERA,SG2,6,8
1190,1170/1190,N1,N1,32 MA,400058,DBRC,SG1,6,2
1150,1150/1180,S7,S7,18 FT,8052,KTC,SG2,6,6
1150,1150/1180,S7,S7,18 FT,8053,KTC,SG2,6,9
1140,1140,W1,W1,32 MA,7152,MEGA,SG1,6,5
1120,1120,N7,N7,32 SA,400051,NSTCL,SG1,6,2
1190,1170/1190,S1,S1,18 FT,8356,GBL,SG2,6,10
1150,1150/1180,N4,N4,32 MA,400286,RCI,SG2,6,6
1180,1150/1180,N4,N4,32 MA,400211,RCI,SG1,6,3
1120,1120,S4,S4_1,18 FT,400024,VARUNA,SG2,6,10
1190,1170/1190,S1,S1,18 FT,8354,GBL,SG2,6,7
1110,1110,S1,S1_1,32 MA,8300,CHINNA,SG2,6,10
1140,1140,S2,S2,18 FT,8003,KTC,SG1,6,4
1160,1160,S2,S2,18 FT,400186,MAHAVEERA,SG2,6,6
1120,1120,W5,W5,32 SA,400043,LGB,SG1,6,2
1180,1150/1180,S8,S8,18 FT,400171,KTC,SG2,6,7
1110,1110,S1,S1_2,18 FT,4000,DEVAKI,SG1,6,1
1170,1170/1190,E1,E1,32 MA,400035,EAST INDIA,SG1,6,3
1150,1150/1180,S6,S6,32 MA,8257,COSMO,SG2,6,9
1180,1150/1180,S7,S7_1,18 FT,8102,KTC,SG1,6,2
1190,1170/1190,S1,S1,18 FT,8351,GBL,SG1,6,1
1140,1140,E2,E2,32 MA,6053,VARUNA,SG1,6,5
1160,1160,W1,W1,32 SA,400191,LGB,SG2,6,10
1150,1150/1180,W3,W3,32 MA,400034,EXPRESS,SG2,6,9
1150,1150/1180,N4,N4_1,32 MA,5152,EXPRESS,SG2,6,6
1180,1150/1180,S7,S7,18 FT,8006,KTC,SG1,6,3
1130,1130,N8,N8,32 MA,5050,DRS,SG1,6,1
1150,1150/1180,S6,S6_1,18 FT,8252,KTC,SG1,6,5
1120,1120,N7,N7,32 SA,5040,LGB,SG1,6,1
1150,1150/1180,S6,S6_1,18 FT,8255,RCI,SG2,6,9
1110,1110,S1,S1_2,18 FT,4003,DEVAKI,SG1,6,2
1150,1150/1180,S6,S6,32 MA,8151,COSMO,SG1,6,3
1130,1130,E6,E6,32 MA,6200,KAPOOR,SG2,6,9
1170,1170/1190,S1,S1,18 FT,8311,GBL,SG1,7,4
1150,1150/1180,W3,W3,32 MA,400038,EXPRESS,SG2,7,9
1130,1130,E6,E6,32 MA,6200,NCS,SG2,7,7
1150,1150/1180,S8,S8,32 MA,400024,EXPRESS,SG2,7,8
1140,1140,E2,E2,32 MA,6053,NCS,SG2,7,10
1130,1130,W6,W6,32 MA,7250,LGB,SG2,7,7
1150,1150/1180,S6,S6_1,18 FT,8255,KTC,SG1,7,3
1180,1150/1180,N6,N6,32 MA,400314,RCI,SG2,7,6
1190,1170/1190,S2,S2,18 FT,8005,GBL,SG2,7,6
1190,1170/1190,S1,S1,18 FT,8304,RCI,SG1,7,1
1160,1160,W1,W1,32 MA,7152,MEGA,SG2,7,10
1190,1170/1190,S1,S1,18 FT,8352,GBL,SG1,7,2
1160,1160,N1,N1,32 SA,400077,NSTCL,SG1,7,4
1190,1170/1190,S2,S2_1,18 FT,8103,MEGA,SG1,7,1
1190,1170/1190,S1,S1,18 FT,8351,GBL,SG1,7,3
1170,1170/1190,E1,E1,32 MA,400035,KAPOOR,SG1,7,5
1190,1170/1190,S2,S2_1,32 MA,8102,MEGA,SG2,7,7
1160,1160,S1,S1,18 FT,400031,KTC,SG2,7,10
1190,1170/1190,S1,S1,18 FT,8356,GBL,SG2,7,8
1120,1120,S4,S4_1,18 FT,400047,KTC,SG2,7,10
1150,1150/1180,N4,N4_1,32 MA,5152,LGB,SG1,7,2
1150,1150/1180,S6,S6,32 MA,8151,EXPRESS,SG1,7,1
1140,1140,W1,W1,32 MA,7000,EAST INDIA,SG1,7,1
1150,1150/1180,S6,S6,32 MA,8153,COSMO,SG1,7,5
1110,1110,S1,S1_2,18 FT,4000,CHINNA,SG1,7,3
1150,1150/1180,W4,W4,32 MA,7302,TRUE FREIGHT,SG2,7,8
1130,1130,N8,N8,32 MA,5301,LGB,SG2,7,7
1150,1150/1180,W3,W3,32 MA,7151,DGFC,SG2,7,7
1170,1170/1190,S3,S3,18 FT,8257,GBL,SG2,7,10
1160,1160,W1,W1,32 SA,400191,LGB,SG2,7,6
1120,1120,N7,N7,32 SA,400051,NSTCL,SG1,7,3
1150,1150/1180,S6,S6_1,18 FT,8256,KTC,SG2,7,8
1130,1130,W6,W6,32 MA,7150,EXPRESS,SG1,7,3
1120,1120,N7,N7,32 SA,5040,NSTCL,SG1,7,5
1160,1160,S2,S2,18 FT,8003,MAHAVEERA,SG1,7,1
1150,1150/1180,N4,N4,32 MA,400286,VARUNA,SG2,7,10
1150,1150/1180,S7,S7,18 FT,8052,KTC,SG2,7,8
1150,1150/1180,S6,S6_1,18 FT,8251,MEGA,SG1,7,5
1150,1150/1180,S6,S6_1,18 FT,8252,RCI,SG1,7,4
1150,1150/1180,W3,W3_1,32 MA,7051,MEGA,SG1,7,1
1120,1120,S4,S4_1,18 FT,8300,EAST INDIA,SG2,7,7
1190,1170/1190,W1,W1,32 MA,400003,MEGA,SG2,7,8
1110,1110,S2,S2_1,32 MA,4001,EXPRESS,SG2,7,10
1130,1130,E6,E6,32 MA,4002,NCS,SG1,7,2
1180,1150/1180,N4,N4,32 MA,400211,VARUNA,SG1,7,5
1130,1130,W6,W6,32 MA,7103,RCI,SG1,7,1
1140,1140,E2,E2,32 MA,6000,ANAND,SG1,7,4
1130,1130,N9,N9,32 MA,5120,RCI,SG1,7,2
1160,1160,W2,W2,32 MA,104687,TRUE FREIGHT,SG1,7,3
1180,1150/1180,S6,S6,18 FT,8155,KTC,SG2,7,6
1150,1150/1180,S6,S6,32 MA,8156,EXPRESS,SG2,7,8
1150,1150/1180,W4,W4,32 MA,7251,RCI,SG1,7,3
1120,1120,W5,W5,32 SA,400043,NSTCL,SG2,7,7
1190,1170/1190,S1,S1,18 FT,8353,GBL,SG2,7,9
1130,1130,W6,W6,32 MA,7102,RCI,SG1,7,4
1110,1110,S1,S1_2,18 FT,4003,CHINNA,SG2,7,8
1160,1160,S2,S2,18 FT,400186,MAHAVEERA,SG2,7,7
1140,1140,S1,S1_1,32 MA,400316,CHINNA,SG2,7,9
1170,1170/1190,N1,N1_1,32 MA,400126,EAST INDIA,SG2,7,10
1180,1150/1180,S7,S7,18 FT,8053,KTC,SG2,7,7
1160,1160,N2,N2,32 MA,400303,VIKAS,SG1,7,5
1160,1160,S1,S1_1,18 FT,400074,APML,SG2,7,8
1150,1150/1180,N4,N4_1,32 MA,5203,VARUNA,SG1,7,4
1140,1140,N1,N1,32 MA,400021,EAST INDIA,SG2,7,9
1170,1170/1190,S2,S2,18 FT,8006,GBL,SG1,7,2
1150,1150/1180,W3,W3,32 MA,400034,MEGA,SG1,7,3
1160,1160,S1,S1,18 FT,8305,ILAN,SG1,7,5
1140,1140,S2,S2,32 MA,400311,MEGA,SG2,7,10
1170,1170/1190,S2,S2,18 FT,8001,GBL,SG1,7,5
1130,1130,N8,N8,32 MA,5050,INDOARYA,SG1,7,2
1170,1170/1190,W1,W1,32 MA,7105,EAST INDIA,SG2,7,6
1130,1130,N9,N9,32 MA,5104,LGB,SG1,7,5
1180,1150/1180,S8,S8,18 FT,400171,KTC,SG2,7,9
1130,1130,S5,S5,32 MA,8150,EXPRESS,SG1,7,2
1150,1150/1180,E4,E4,32 MA,6102,KAPOOR,SG2,7,10
1180,1150/1180,S8,S8,18 FT,400171,KTC,SG2,8,6
1180,1150/1180,S6,S6,18 FT,8151,KTC,SG1,8,5
1120,1120,W5,W5,32 SA,400043,LGB,SG1,8,1
1120,1120,S4,S4_1,18 FT,8300,KTC,SG2,8,9
1180,1150/1180,N4,N4,32 MA,400211,RCI,SG2,8,8
1150,1150/1180,S7,S7,32 MA,400311,EXPRESS,SG1,8,5
1180,1150/1180,N4,N4,32 MA,400286,RCI,SG2,8,7
1150,1150/1180,S8,S8,18 FT,8305,GBL,SG1,8,3
1150,1150/1180,W4,W4,32 MA,7302,RCI,SG2,8,9
1170,1170/1190,N1,N1_1,32 MA,5152,AVG,SG2,8,8
1110,1110,S2,S2_1,32 MA,4001,MEGA,SG2,8,6
1110,1110,S1,S1_2,18 FT,4003,DEVAKI,SG1,8,1
1150,1150/1180,S6,S6_1,18 FT,8255,RCI,SG2,8,10
1170,1170/1190,N1,N1_1,32 MA,400126,RCI,SG1,8,3
1160,1160,W2,W2,32 MA,104687,SWASTIK,SG1,8,5
1150,1150/1180,S6,S6_1,18 FT,8252,KTC,SG1,8,1
1120,1120,N7,N7,32 SA,400051,NSTCL,SG1,8,1
1160,1160,W1,W1,32 SA,400191,LGB,SG2,8,8
1170,1170/1190,E1,E1,32 MA,400035,TRIMURTHI,SG1,8,1
1150,1150/1180,W3,W3_1,32 MA,7051,RCI,SG1,8,5
1160,1160,E2,E2,32 MA,6053,ANAND,SG2,8,10
1150,1150/1180,S6,S6_1,18 FT,8251,RCI,SG1,8,2
1150,1150/1180,S6,S6_1,18 FT,8256,KTC,SG2,8,10
1160,1160,N2,N2,32 MA,400303,DRS,SG1,8,4
1130,1130,S5,S5,32 MA,8150,EXPRESS,SG1,8,4
1150,1150/1180,W3,W3,32 MA,400038,MEGA,SG1,8,4
1130,1130,E6,E6,32 MA,4002,ANAND,SG1,8,3
1170,1170/1190,S2,S2,18 FT,8006,GBL,SG2,8,7
1120,1120,N7,N7,32 SA,5040,RCI,SG1,8,4
1170,1170/1190,S2,S2,18 FT,8053,GBL,SG2,8,6
1130,1130,E6,E6,32 MA,6200,KAPOOR,SG2,8,7
1130,1130,N8,N8,32 MA,5050,LGB,SG1,8,3
1180,1150/1180,S7,S7,18 FT,8052,KTC,SG2,8,7
1150,1150/1180,S6,S6,32 MA,8156,COSMO,SG2,8,8
1160,1160,S2,S2,18 FT,8003,MEGA,SG1,8,2
1130,1130,N8,N8,32 MA,5301,RCI,SG2,8,6
1160,1160,S1,S1,18 FT,400031,MEGA,SG2,8,9
1130,1130,N9,N9,32 MA,5104,MAHAVEERA,SG1,8,3
1160,1160,S1,S1_1,18 FT,400074,ILAN,SG1,8,2
1130,1130,N9,N9,32 MA,5120,SHREE SHYAM,SG1,8,5
1190,1170/1190,S1,S1,18 FT,8304,GBL,SG1,8,2
1190,1170/1190,S1,S1,18 FT,8311,GBL,SG1,8,5
1190,1170/1190,S1,S1,18 FT,8351,GBL,SG1,8,4
1150,1150/1180,W3,W3,32 MA,7151,EAST INDIA,SG2,8,10
1130,1130,W6,W6,32 MA,7102,SWASTIK,SG1,8,2
1130,1130,W6,W6,32 MA,7150,INDOARYA,SG2,8,10
1150,1150/1180,W3,W3,32 MA,7152,DGFC,SG2,8,6
1130,1130,W6,W6,32 MA,7250,RCI,SG1,8,1
1190,1170/1190,S1,S1,18 FT,8352,GBL,SG2,8,10
1150,1150/1180,N4,N4_1,32 MA,5203,VARUNA,SG1,8,1
1190,1170/1190,S1,S1,18 FT,8353,GBL,SG2,8,8
1150,1150/1180,W4,W4,32 MA,7251,SWASTIK,SG1,8,1
1140,1140,W1,W1,32 MA,7103,EAST INDIA,SG2,8,10
1140,1140,W1,W1,32 MA,7000,EXPRESS,SG1,8,3
1110,1110,S1,S1_2,18 FT,4000,DEVAKI,SG1,8,5
1140,1140,E2,E2,32 MA,6000,NCS,SG1,8,3
1190,1170/1190,S2,S2,18 FT,8001,EAST INDIA,SG1,8,2
1150,1150/1180,S6,S6,32 MA,8153,EXPRESS,SG2,8,7
1190,1170/1190,W1,W1,32 MA,7105,EXPRESS,SG1,8,2
1120,1120,S4,S4_1,18 FT,400047,VARUNA,SG2,8,9
1190,1170/1190,W1,W1,32 MA,400003,EXPRESS,SG2,8,6
1140,1140,S1,S1_1,32 MA,400316,CHINNA,SG2,8,10
1140,1140,N1,N1,32 MA,400021,LGB,SG1,8,5
1150,1150/1180,E4,E4,32 MA,6102,NCS,SG1,8,4
1160,1160,S2,S2,18 FT,400186,MAHAVEERA,SG2,8,8
1140,1140,W2,W2,32 MA,7250,APML,SG1,9,4
1160,1160,W1,W1,32 MA,7103,DGFC,SG2,9,8
1130,1130,N9,N9,32 MA,5104,RCI,SG1,9,2
1120,1120,N7,N7,32 SA,400051,NSTCL,SG1,9,2
1190,1170/1190,S1,S1,18 FT,8352,GBL,SG2,9,7
1190,1170/1190,S2,S2,18 FT,8006,GBL,SG2,9,9
1180,1150/1180,S6,S6_1,18 FT,8252,KTC,SG1,9,2
1180,1150/1180,S6,S6,18 FT,8156,KTC,SG2,9,6
1190,1170/1190,S1,S1,18 FT,8311,GBL,SG1,9,1
1150,1150/1180,W4,W4,32 MA,7251,TRUE FREIGHT,SG1,9,5
1180,1150/1180,S6,S6,18 FT,8153,KTC,SG1,9,4
1170,1170/1190,E1,E1,32 MA,400035,DGFC,SG1,9,2
1140,1140,E1,E1,32 MA,6200,DGFC,SG1,9,4
1120,1120,W5,W5,32 SA,400043,LGB,SG1,9,4
1160,1160,W2,W2,32 MA,104687,TRUE FREIGHT,SG2,9,8
1130,1130,S5,S5,32 MA,8150,EXPRESS,SG2,9,10
1130,1130,E6,E6,32 MA,4002,KAPOOR,SG1,9,4
1150,1150/1180,E4,E4,32 MA,6102,RCI,SG1,9,3
1120,1120,N7,N7,32 SA,5040,VARUNA,SG1,9,3
1160,1160,S1,S1,18 FT,400031,KTC,SG2,9,7
1190,1170/1190,S2,S2,32 MA,8052,GBL,SG1,9,4
1160,1160,S2,S2,18 FT,400186,MAHAVEERA,SG2,9,10
1110,1110,S2,S2_1,32 MA,4001,ANAND,SG2,9,7
1180,1150/1180,S8,S8,18 FT,8305,KTC,SG1,9,4
1170,1170/1190,N1,N1_1,32 MA,400126,SWASTIK,SG1,9,4
1150,1150/1180,W3,W3,32 MA,400191,MEGA,SG2,9,7
1140,1140,E2,E2,32 MA,6000,RCI,SG1,9,5
1180,1150/1180,N4,N4,32 MA,400286,VARUNA,SG2,9,6
1160,1160,N2,N2,32 MA,400303,VARUNA,SG1,9,2
1160,1160,S1,S1_1,18 FT,400074,APML,SG2,9,10
1130,1130,W6,W6,32 MA,7150,LGB,SG1,9,2
1150,1150/1180,S6,S6_1,18 FT,8255,KTC,SG1,9,2
1150,1150/1180,S6,S6_1,18 FT,8251,KTC,SG1,9,1
1110,1110,S1,S1_2,18 FT,4003,CHINNA,SG2,9,6
1150,1150/1180,W3,W3,32 MA,400038,RCI,SG2,9,8
1130,1130,N8,N8,32 MA,5301,SHREE SHYAM,SG1,9,2
1130,1130,N8,N8,32 MA,5050,RCI,SG1,9,4
1120,1120,S4,S4_1,18 FT,8300,VARUNA,SG2,9,6
1180,1150/1180,S8,S8,18 FT,400171,KTC,SG2,9,8
1150,1150/1180,S7,S7,18 FT,8003,KTC,SG1,9,3
1170,1170/1190,N1,N1_1,32 MA,5152,COSMO,SG1,9,2
1140,1140,N1,N1,32 MA,400021,MAHAVEERA,SG1,9,2
1190,1170/1190,S1,S1,18 FT,8353,GBL,SG2,9,6
1170,1170/1190,S3,S3,18 FT,8151,GBL,SG1,9,2
1110,1110,S1,S1_2,18 FT,4000,CHINNA,SG1,9,4
1150,1150/1180,S6,S6_1,18 FT,8256,KTC,SG2,9,9
1190,1170/1190,W1,W1,32 MA,7151,EXPRESS,SG2,9,9
1180,1150/1180,N4,N4,32 MA,400211,VARUNA,SG1,9,4
1190,1170/1190,W1,W1,32 MA,400003,MEGA,SG2,9,9
1150,1150/1180,S7,S7,32 MA,400047,EXPRESS,SG1,9,3
1130,1130,N9,N9,32 MA,5120,SHRINIWASA,SG1,9,3
1150,1150/1180,S7,S7,32 MA,400311,GBL,SG1,9,3
1190,1170/1190,S1,S1,18 FT,8351,GBL,SG1,9,1
1150,1150/1180,W3,W3,32 MA,7152,EXPRESS,SG1,9,2
1150,1150/1180,E4,E4,32 MA,6053,KAPOOR,SG2,9,9
1150,1150/1180,W4,W4,32 MA,7302,SWASTIK,SG2,9,6
1130,1130,W6,W6,32 MA,7102,BLR,SG2,9,6
1160,1160,W1,W1,32 MA,7000,COSMO,SG1,9,4
1150,1150/1180,E4,E4,32 MA,6053,KTC,SG2,10,8
1150,1150/1180,E4,E4,32 MA,6102,VARUNA,SG1,10,5
1150,1150/1180,W4,W4,32 MA,7251,RCI,SG1,10,2
1120,1120,N7,N7,32 SA,400051,NSTCL,SG1,10,4
1120,1120,S4,S4_1,18 FT,8300,EAST INDIA,SG2,10,8
1180,1150/1180,S8,S8,18 FT,400171,KTC,SG2,10,10
1180,1150/1180,W4,W4,32 MA,7302,RCI,SG2,10,7
1150,1150/1180,S6,S6_1,18 FT,8255,RCI,SG2,10,9
1120,1120,W5,W5,32 SA,400043,LGB,SG1,10,3
1180,1150/1180,S6,S6_1,18 FT,8256,KTC,SG2,10,6
1150,1150/1180,S7,S7,32 MA,400311,VARUNA,SG1,10,1
1150,1150/1180,S7,S7,32 MA,8003,EXPRESS,SG1,10,5
1180,1150/1180,N4,N4,32 MA,400211,RCI,SG2,10,6
1170,1170/1190,S1,S1,18 FT,8305,GBL,SG1,10,5
1110,1110,S1,S1_2,18 FT,4003,DEVAKI,SG1,10,4
1170,1170/1190,N1,N1_1,32 MA,400126,VARUNA,SG2,10,8
1160,1160,W2,W2,32 MA,104687,SWASTIK,SG2,10,8
1140,1140,E1,E1,32 MA,6200,KAPOOR,SG2,10,6
1170,1170/1190,E1,E1,32 MA,400035,EAST INDIA,SG1,10,3
1160,1160,W1,W1,32 MA,7000,DGFC,SG1,10,3
1150,1150/1180,S6,S6_1,18 FT,8251,MEGA,SG1,10,5
1160,1160,E2,E2,32 MA,6000,ANAND,SG1,10,2
1160,1160,N2,N2,32 MA,400303,VIKAS,SG2,10,8
1120,1120,N7,N7,32 SA,5040,EAST INDIA,SG1,10,2
1170,1170/1190,S3,S3,32 MA,8153,EXPRESS,SG2,10,10
1130,1130,N8,N8,32 MA,5050,SHREE SHYAM,SG1,10,5
1150,1150/1180,W3,W3,32 MA,7103,APML,SG1,10,5
1160,1160,S2,S2,18 FT,400186,MAHAVEERA,SG2,10,6
1130,1130,N8,N8,32 MA,5301,SHRINIWASA,SG1,10,3
1160,1160,S1,S1,18 FT,400031,MEGA,SG2,10,6
1160,1160,S1,S1_1,18 FT,400074,ILAN,SG2,10,7
1130,1130,N9,N9,32 MA,5104,SHREE SHYAM,SG1,10,1
1130,1130,N9,N9,32 MA,5120,RCI,SG2,10,8
1140,1140,S3,S3,32 MA,8150,EXPRESS,SG1,10,1
1140,1140,W2,W2,32 MA,7250,RCI,SG1,10,3
1190,1170/1190,S1,S1,18 FT,8352,GBL,SG2,10,9
1150,1150/1180,W3,W3,32 MA,7152,MEGA,SG1,10,2
1110,1110,S1,S1_2,18 FT,4000,DEVAKI,SG1,10,3
1140,1140,W1,W1,32 MA,7150,EAST INDIA,SG2,10,6
1140,1140,W1,W1,32 MA,7102,EAST INDIA,SG1,10,1
1120,1120,S4,S4_1,18 FT,4001,EAST INDIA,SG1,10,4
1190,1170/1190,N1,N1_1,32 MA,5152,SWASTIK,SG2,10,9
1190,1170/1190,W1,W1,32 MA,400003,EXPRESS,SG2,10,7
1190,1170/1190,S3,S3,18 FT,8151,GBL,SG1,10,4
1140,1140,N1,N1,32 MA,400021,RCI,SG2,10,10
1140,1140,E1,E1,32 MA,4002,DGFC,SG1,10,5
1170,1170/1190,S3,S3,18 FT,8156,GBL,SG1,10,2
1150,1150/1180,W4,W4,32 MA,104687,RCI,SG2,11,7
1160,1160,W1,W1,32 MA,7000,MAHAVEERA,SG1,11,5
1140,1140,E1,E1,32 MA,4002,KAPOOR,SG1,11,3
1140,1140,W1,W1,32 MA,7102,EXPRESS,SG1,11,5
1170,1170/1190,N1,N1_1,32 MA,400126,EAST INDIA,SG2,11,9
1120,1120,N7,N7,32 SA,400051,NSTCL,SG1,11,3
1150,1150/1180,S6,S6_1,18 FT,8251,RCI,SG1,11,1
1160,1160,N2,N2,32 MA,400303,DRS,SG1,11,1
1130,1130,N9,N9,32 MA,5120,SHREE SHYAM,SG2,11,10
1130,1130,S5,S5_1,32 MA,8300,EXPRESS,SG2,11,6
1190,1170/1190,W1,W1,32 MA,400003,MEGA,SG2,11,8
1170,1170/1190,E1,E1,32 MA,400035,KAPOOR,SG1,11,2
1140,1140,S3,S3,32 MA,8150,COSMO,SG1,11,3
1140,1140,N2,N2,32 MA,5301,DRS,SG1,11,3
1160,1160,S1,S1_1,18 FT,400074,ILAN,SG2,11,10
1150,1150/1180,S6,S6_1,18 FT,8255,KTC,SG2,11,8
1180,1150/1180,W4,W4,32 MA,7251,RCI,SG1,11,5
1150,1150/1180,S7,S7,32 MA,400311,EXPRESS,SG2,11,8
1190,1170/1190,S3,S3,18 FT,8156,GBL,SG2,11,10
1150,1150/1180,W3,W3,32 MA,7103,DGFC,SG1,11,1
1110,1110,S1,S1_2,18 FT,4003,CHINNA,SG2,11,7
1170,1170/1190,W2,W2,32 MA,7302,HARSH,SG2,11,10
1140,1140,W1,W1,32 MA,7150,EXPRESS,SG1,11,4
1120,1120,N7,N7,32 SA,5040,LGB,SG2,11,7
1180,1150/1180,S8,S8,18 FT,400171,KTC,SG2,11,7
1160,1160,W2,W2,32 MA,7250,RCI,SG1,11,5
1190,1170/1190,S3,S3,18 FT,8153,GBL,SG1,11,1
1110,1110,S1,S1_2,18 FT,4000,CHINNA,SG1,11,5
1150,1150/1180,E4,E4,32 MA,6053,NCS,SG1,11,1
1120,1120,S4,S4_1,18 FT,4001,KTC,SG1,11,5
1150,1150/1180,W3,W3,32 MA,7152,RCI,SG1,11,4
1160,1160,E2,E2,32 MA,6000,EAST INDIA,SG1,11,3
1130,1130,N9,N9,32 MA,5104,SHRINIWASA,SG1,11,5
1140,1140,N1,N1,32 MA,400021,VARUNA,SG1,11,4
1190,1170/1190,S1,S1,18 FT,8305,MEGA,SG2,11,8
1130,1130,N8,N8,32 MA,5050,SHRINIWASA,SG1,11,2
1120,1120,W5,W5,32 SA,400043,LGB,SG1,11,5
1170,1170/1190,S2,S2,32 MA,8003,GBL,SG1,11,3
1180,1150/1180,N4,N4,32 MA,400211,VARUNA,SG1,11,2
1140,1140,E1,E1,32 MA,6200,DGFC,SG1,11,1
1150,1150/1180,S8,S8,32 MA,400031,EXPRESS,SG2,11,7
1130,1130,S5,S5_1,32 MA,8300,RCI,SG2,12,9
1170,1170/1190,W2,W2,32 MA,7302,SWASTIK,SG2,12,10
1150,1150/1180,W3,W3,32 MA,7103,EAST INDIA,SG1,12,2
1150,1150/1180,S6,S6_1,18 FT,8255,RCI,SG2,12,6
1140,1140,E1,E1,32 MA,6200,DGFC,SG1,12,3
1140,1140,N3,N3,32 MA,5104,APML,SG2,12,9
1150,1150/1180,W3,W3_1,32 MA,7000,APML,SG1,12,1
1180,1150/1180,S8,S8,18 FT,400074,KTC,SG1,12,4
1190,1170/1190,S2,S2,32 MA,400311,GBL,SG1,12,5
1140,1140,N2,N2,32 MA,5301,LGB,SG2,12,9
1150,1150/1180,N4,N4,32 MA,400021,DBRC,SG1,12,1
1120,1120,N7,N7,32 MA,5040,DRS,SG1,12,5
1190,1170/1190,S2,S2,18 FT,8003,GBL,SG1,12,4
1180,1150/1180,S8,S8,18 FT,400171,KTC,SG2,12,10
1140,1140,W1,W1,32 MA,7150,MEGA,SG1,12,1
1140,1140,S3,S3,32 MA,8150,EXPRESS,SG1,12,1
1120,1120,S4,S4_1,18 FT,4001,VARUNA,SG1,12,3
1120,1120,W5,W5,32 SA,400043,LGB,SG2,12,6
1190,1170/1190,S1,S1,18 FT,8305,GBL,SG1,12,1
1130,1130,N9,N9,32 MA,5120,SHRINIWASA,SG2,12,7
1180,1150/1180,N4,N4,32 MA,400211,RCI,SG2,12,10
1130,1130,N8,N8,32 MA,5050,SWASTIK,SG1,12,3
1180,1150/1180,E4,E4,32 MA,6053,VARUNA,SG2,12,7
1160,1160,E1,E1,32 MA,4002,ANAND,SG2,12,9
1150,1150/1180,S8,S8,32 MA,400031,MEGA,SG2,12,10
1150,1150/1180,W4,W4,32 MA,104687,SWASTIK,SG2,12,6
1110,1110,S1,S1_2,18 FT,4000,DEVAKI,SG1,12,2
1160,1160,N2,N2,32 MA,400303,VARUNA,SG1,12,3
1110,1110,S1,S1_2,18 FT,4003,DEVAKI,SG1,12,5
1170,1170/1190,N1,N1_1,32 MA,400126,RCI,SG1,12,1
1160,1160,E2,E2,32 MA,6000,KAPOOR,SG1,12,1
1170,1170/1190,W2,W2,32 MA,7251,HARSH,SG1,12,1
1160,1160,W1,W1,32 MA,7102,COSMO,SG2,12,10
1160,1160,W2,W2,32 MA,7250,SWASTIK,SG1,12,2
1170,1170/1190,E1,E1,32 MA,400035,TRIMURTHI,SG1,12,5
1150,1150/1180,S6,S6_1,18 FT,8251,KTC,SG1,12,3
1150,1150/1180,W3,W3,32 MA,7152,SWASTIK,SG1,12,3
1130,1130,N9,N9,32 MA,5040,INDOARYA,SG1,13,1
1130,1130,S5,S5_1,32 MA,8300,EXPRESS,SG2,13,10
1170,1170/1190,E2,E2,32 MA,6053,KAPOOR,SG2,13,6
1160,1160,S3,S3,32 MA,8150,ANAND,SG1,13,5
1170,1170/1190,E1,E1,32 MA,400035,DGFC,SG1,13,4
1160,1160,W2,W2,32 MA,7250,TRUE FREIGHT,SG1,13,2
1170,1170/1190,N1,N1_1,32 MA,400126,SWASTIK,SG1,13,5
1160,1160,N2,N2,32 MA,400303,VIKAS,SG2,13,10
1110,1110,S1,S1_2,18 FT,4003,DEVAKI,SG2,13,6
1160,1160,N2,N2,32 MA,5301,APML,SG2,13,7
1160,1160,N3,N3,32 MA,5104,DRS,SG1,13,2
1110,1110,S1,S1_2,18 FT,4000,CHINNA,SG1,13,1
1150,1150/1180,W4,W4,32 MA,104687,RCI,SG2,13,9
1160,1160,E1,E1,32 MA,6200,DGFC,SG1,13,5
1150,1150/1180,S8,S8,32 MA,400031,RCI,SG2,13,8
1180,1150/1180,N4,N4,32 MA,400211,VARUNA,SG1,13,1
1130,1130,N8,N8,32 MA,5050,VIKAS,SG1,13,4
1120,1120,S4,S4_1,18 FT,4001,EAST INDIA,SG1,13,1
1150,1150/1180,S6,S6_1,18 FT,8251,MEGA,SG1,13,2
1120,1120,W5,W5,32 SA,400043,LGB,SG2,13,8
1130,1130,N9,N9,32 MA,5120,SHREE SHYAM,SG2,13,9
1150,1150/1180,E3,E3,32 MA,4002,ANAND,SG1,13,1
1180,1150/1180,W3,W3,32 MA,7152,SWASTIK,SG2,13,7
1190,1170/1190,S1,S1,18 FT,8305,GBL,SG1,13,3
1180,1150/1180,W3,W3,32 MA,7103,RCI,SG1,13,3
1140,1140,W1,W1,32 MA,7150,RCI,SG1,13,5
1180,1150/1180,S8,S8,18 FT,400171,KTC,SG2,13,9
1180,1150/1180,S8,S8,18 FT,400074,KTC,SG1,13,1
1150,1150/1180,N4,N4,32 MA,400021,EXPRESS,SG1,13,4
1190,1170/1190,S2,S2,32 MA,8003,EXPRESS,SG1,13,1
1150,1150/1180,E4,E4,32 MA,6000,ANAND,SG1,13,4
1190,1170/1190,S2,S2,32 MA,400311,GBL,SG1,13,2
1150,1150/1180,W3,W3_1,32 MA,7000,DGFC,SG1,13,2
1190,1170/1190,W2,W2,32 MA,7302,HARSH,SG2,13,6
1150,1150/1180,W3,W3,32 MA,7102,APML,SG1,13,3
1150,1150/1180,S6,S6_1,18 FT,8255,KTC,SG2,13,10
1150,1150/1180,S6,S6_1,18 FT,8255,RCI,SG2,14,7
1170,1170/1190,N1,N1_1,32 MA,400126,RCI,SG1,14,2
1190,1170/1190,E2,E2,32 MA,6053,KAPOOR,SG2,14,8
1120,1120,S4,S4_1,18 FT,4001,KTC,SG1,14,5
1160,1160,S3,S3,32 MA,8150,EXPRESS,SG1,14,3
1150,1150/1180,E4,E4,32 MA,6000,KAPOOR,SG1,14,5
1150,1150/1180,W3,W3_1,32 MA,7000,EAST INDIA,SG1,14,4
1180,1150/1180,S8,S8,18 FT,400074,KTC,SG1,14,3
1190,1170/1190,W2,W2,32 MA,7302,SWASTIK,SG2,14,8
1180,1150/1180,N4,N4,32 MA,400021,LGB,SG1,14,1
1130,1130,N9,N9,32 MA,5120,SHRINIWASA,SG2,14,6
1110,1110,S1,S1_2,18 FT,4003,DEVAKI,SG2,14,8
1190,1170/1190,S2,S2,32 MA,400311,GBL,SG1,14,4
1160,1160,N2,N2,32 MA,400303,DRS,SG2,14,7
1160,1160,E1,E1,32 MA,6200,EAST INDIA,SG1,14,2
1180,1150/1180,S8,S8,18 FT,400171,KTC,SG2,14,6
1110,1110,S1,S1_2,18 FT,4000,DEVAKI,SG1,14,4
1130,1130,S5,S5_1,32 MA,8300,RCI,SG2,14,7
1160,1160,N2,N2,32 MA,5301,DBRC,SG1,14,4
1190,1170/1190,W1,W1,32 MA,7103,EXPRESS,SG1,14,5
1150,1150/1180,W3,W3,32 MA,7102,DGFC,SG1,14,5
1150,1150/1180,W4,W4,32 MA,7250,RCI,SG1,14,4
1150,1150/1180,S8,S8,32 MA,400031,VARUNA,SG2,14,9
1130,1130,N9,N9,32 MA,5040,AVG,SG1,14,4
1130,1130,N8,N8,32 MA,5050,INDOARYA,SG1,14,5
1180,1150/1180,N4,N4,32 MA,400211,RCI,SG2,14,9
1160,1160,W1,W1,32 MA,7150,DGFC,SG2,14,8
1150,1150/1180,S6,S6_1,18 FT,8251,RCI,SG1,14,4
1120,1120,W5,W5,32 SA,400043,LGB,SG2,14,9
1170,1170/1190,E1,E1,32 MA,400035,EAST INDIA,SG2,14,7
1170,1170/1190,W1,W1,32 MA,7152,EXPRESS,SG1,14,1
1150,1150/1180,E3,E3,32 MA,4002,DGFC,SG1,14,2
1190,1170/1190,S2,S2,32 MA,400311,GBL,SG2,15,7
1130,1130,N9,N9,32 MA,5040,BLR,SG1,15,3
1110,1110,S1,S1_2,18 FT,4000,CHINNA,SG1,15,2
1180,1150/1180,N4,N4,32 MA,400021,RCI,SG1,15,3
1130,1130,N9,N9,32 MA,5120,SHRINIWASA,SG2,15,8
1180,1150/1180,W3,W3_1,32 MA,7000,RCI,SG1,15,1
1160,1160,N2,N2,32 MA,400303,VARUNA,SG1,15,5
1120,1120,S4,S4_1,18 FT,4001,VARUNA,SG1,15,2
1150,1150/1180,E3,E3,32 MA,4002,KAPOOR,SG1,15,4
1120,1120,W5,W5,32 SA,400043,LGB,SG2,15,6
1180,1150/1180,N4,N4,32 MA,400211,VARUNA,SG2,15,7
1180,1150/1180,S8,S8,18 FT,400171,KTC,SG2,15,8
1110,1110,S1,S1_2,18 FT,4003,DEVAKI,SG2,15,10
1150,1150/1180,S6,S6_1,18 FT,8251,KTC,SG1,15,2
1150,1150/1180,S8,S8,32 MA,400031,EXPRESS,SG2,15,9
1140,1140,N2,N2,32 MA,5050,APML,SG1,15,1
1180,1150/1180,S8,S8,18 FT,400074,KTC,SG1,15,5
1170,1170/1190,W1,W1,32 MA,7152,MEGA,SG2,15,9
1150,1150/1180,N5,N5,32 MA,5301,DRS,SG2,15,8
1150,1150/1180,E4,E4,32 MA,6000,KTC,SG1,15,4
1160,1160,E1,E1,32 MA,6200,TRIMURTHI,SG1,15,4
1170,1170/1190,N1,N1_1,32 MA,400126,SWASTIK,SG1,15,4
1160,1160,S3,S3,32 MA,8150,EXPRESS,SG1,15,2
1150,1150/1180,W3,W3,32 MA,7102,EAST INDIA,SG1,15,4
1150,1150/1180,S6,S6_1,18 FT,8255,KTC,SG2,15,7
1150,1150/1180,W4,W4,32 MA,7250,SWASTIK,SG1,15,1
1130,1130,S5,S5_1,32 MA,8300,EXPRESS,SG2,15,6
1160,1160,W1,W1,32 MA,7150,MAHAVEERA,SG1,15,4
1170,1170/1190,E1,E1,32 MA,400035,KAPOOR,SG1,15,1
1190,1170/1190,S2,S2,32 MA,400311,GBL,SG2,16,6
1140,1140,N2,N2,32 MA,5050,DRS,SG1,16,4
1130,1130,S5,S5_1,32 MA,8300,RCI,SG2,16,8
1150,1150/1180,W4,W4,32 MA,7250,TRUE FREIGHT,SG1,16,3
1110,1110,S1,S1_2,18 FT,4000,DEVAKI,SG1,16,1
1170,1170/1190,E1,E1,32 MA,400035,TRIMURTHI,SG1,16,3
1150,1150/1180,S6,S6_1,18 FT,8255,RCI,SG2,16,6
1150,1150/1180,E3,E3,32 MA,6200,ANAND,SG2,16,8
1150,1150/1180,W3,W3,32 MA,7102,EXPRESS,SG1,16,2
1130,1130,N9,N9,32 MA,5040,SHRINIWASA,SG1,16,2
1180,1150/1180,W3,W3_1,32 MA,7000,RCI,SG2,16,10
1170,1170/1190,N1,N1_1,32 MA,400126,RCI,SG2,16,6
1180,1150/1180,N4,N4,32 MA,400021,VARUNA,SG1,16,5
1160,1160,W1,W1,32 MA,7150,MEGA,SG1,16,3
1150,1150/1180,E4,E4,32 MA,6000,NCS,SG1,16,5
1150,1150/1180,N5,N5,32 MA,5301,LGB,SG2,16,10
1150,1150/1180,E3,E3,32 MA,4002,KTC,SG1,16,1
1180,1150/1180,S8,S8,18 FT,400074,KTC,SG1,16,2
1120,1120,S4,S4_1,18 FT,4001,EAST INDIA,SG1,16,3
1150,1150/1180,S6,S6,18 FT,8150,KTC,SG1,16,4
1150,1150/1180,S6,S6_1,18 FT,8251,MEGA,SG2,16,7
1110,1110,S1,S1_2,18 FT,4003,DEVAKI,SG2,16,9
1140,1140,N3,N3,32 MA,5120,DRS,SG1,16,1
1120,1120,W5,W5,32 SA,400043,LGB,SG2,16,7
1180,1150/1180,N4,N4,32 SA,400211,LGB,SG1,16,2
1190,1170/1190,W1,W1,32 MA,7152,EXPRESS,SG2,16,8
1160,1160,N2,N2,32 MA,400303,DRS,SG2,16,9
1190,1170/1190,S2,S2,32 MA,400311,GBL,SG2,17,10
1180,1150/1180,N4,N4,32 MA,400021,EXPRESS,SG2,17,6
1150,1150/1180,W3,W3,32 MA,7150,DGFC,SG2,17,10
1180,1150/1180,W3,W3,32 MA,7102,MEGA,SG2,17,7
1150,1150/1180,E3,E3,32 MA,6200,DGFC,SG1,17,1
1150,1150/1180,E3,E3,32 MA,4002,NCS,SG1,17,2
1170,1170/1190,E1,E1,32 MA,400035,DGFC,SG1,17,4
1150,1150/1180,S6,S6,18 FT,8150,RCI,SG1,17,2
1180,1150/1180,S8,S8,18 FT,400074,KTC,SG1,17,1
1140,1140,S1,S1_1,32 MA,8300,CHINNA,SG1,17,3
1120,1120,S4,S4_1,18 FT,4001,KTC,SG1,17,4
1140,1140,N2,N2,32 MA,5050,LGB,SG1,17,1
1180,1150/1180,W3,W3_1,32 MA,7000,RCI,SG2,17,8
1150,1150/1180,S6,S6_1,18 FT,8251,RCI,SG1,17,1
1190,1170/1190,W1,W1,32 MA,7152,MEGA,SG1,17,5
1180,1150/1180,N5,N5,32 MA,5301,VARUNA,SG2,17,8
1170,1170/1190,N1,N1_1,32 MA,400126,SWASTIK,SG2,17,10
1110,1110,S1,S1_2,18 FT,4003,DEVAKI,SG2,17,7
1150,1150/1180,W4,W4,32 MA,7250,RCI,SG1,17,5
1180,1150/1180,E4,E4,32 MA,6000,VARUNA,SG1,17,1
1150,1150/1180,S6,S6_1,18 FT,8255,KTC,SG2,17,9
1180,1150/1180,N4,N4,32 SA,400211,RCI,SG1,17,3
1120,1120,S4,S4_1,18 FT,4000,EAST INDIA,SG1,17,5
1160,1160,N2,N2,32 MA,400303,VARUNA,SG2,17,10
1140,1140,N3,N3,32 MA,5040,APML,SG1,17,2
1140,1140,N3,N3,32 MA,5120,LGB,SG1,17,4
1190,1170/1190,S2,S2,32 MA,400311,GBL,SG2,18,9
1110,1110,S1,S1_2,18 FT,4003,DEVAKI,SG2,18,6
1180,1150/1180,N4,N4,32 SA,400211,VARUNA,SG1,18,4
1180,1150/1180,E4,E4,32 MA,6000,VARUNA,SG2,18,7
1160,1160,N2,N2,32 MA,400303,DRS,SG2,18,6
1140,1140,N2,N2,32 MA,5050,RCI,SG1,18,2
1180,1150/1180,S8,S8,18 FT,400074,KTC,SG1,18,3
1150,1150/1180,S6,S6_1,18 FT,8251,KTC,SG1,18,5
1170,1170/1190,W1,W1,32 MA,7102,EAST INDIA,SG1,18,1
1150,1150/1180,E3,E3,32 MA,4002,TRIMURTHI,SG1,18,3
1120,1120,S4,S4_1,18 FT,4000,KTC,SG1,18,3
1180,1150/1180,N4,N4,32 MA,400021,LGB,SG1,18,2
1140,1140,N3,N3,32 MA,5040,DRS,SG1,18,3
1170,1170/1190,W1,W1,32 MA,7000,EAST INDIA,SG1,18,3
1170,1170/1190,N2,N2,32 MA,5301,DRS,SG2,18,10
1170,1170/1190,N1,N1_1,32 MA,400126,RCI,SG2,18,7
1140,1140,S1,S1_1,32 MA,8300,CHINNA,SG1,18,5
1170,1170/1190,E1,E1,32 MA,400035,KAPOOR,SG1,18,2
1150,1150/1180,W3,W3,32 MA,7150,EAST INDIA,SG2,18,8
1150,1150/1180,S6,S6,18 FT,8150,KTC,SG1,18,1
1180,1150/1180,S6,S6_1,18 FT,8255,KTC,SG2,18,8
1150,1150/1180,E3,E3,32 MA,6200,KAPOOR,SG1,18,3
1150,1150/1180,W4,W4,32 MA,7250,SWASTIK,SG1,18,3
1140,1140,N3,N3,32 MA,5120,RCI,SG2,18,10
1120,1120,S4,S4_1,18 FT,4001,VARUNA,SG1,18,1
1180,1150/1180,N4,N4,32 SA,400211,LGB,SG2,19,6
1180,1150/1180,S8,S8,18 FT,400074,KTC,SG1,19,5
1170,1170/1190,E1,E1,32 MA,400035,TRIMURTHI,SG1,19,1
1150,1150/1180,E3,E3,32 MA,4002,VARUNA,SG1,19,5
1110,1110,S1,S1_2,18 FT,4003,DEVAKI,SG2,19,8
1160,1160,N2,N2,32 MA,400303,VARUNA,SG2,19,8
1190,1170/1190,N2,N2,32 MA,5301,RCI,SG2,19,9
1120,1120,S4,S4_1,18 FT,4001,EAST INDIA,SG1,19,5
1140,1140,S1,S1_1,32 MA,8300,CHINNA,SG1,19,2
1170,1170/1190,W1,W1,32 MA,7000,EXPRESS,SG1,19,4
1150,1150/1180,S6,S6,18 FT,8150,RCI,SG1,19,4
1180,1150/1180,W4,W4,32 MA,7250,RCI,SG1,19,1
1140,1140,N3,N3,32 MA,5040,LGB,SG1,19,5
1130,1130,S5,S5_1,32 MA,4000,EXPRESS,SG1,19,4
1140,1140,N2,N2,32 MA,5050,VARUNA,SG1,19,3
1150,1150/1180,S6,S6_1,18 FT,8251,MEGA,SG2,19,6
1190,1170/1190,W1,W1,32 MA,7102,EXPRESS,SG1,19,3
1170,1170/1190,E2,E2,32 MA,6000,KAPOOR,SG1,19,3
1150,1150/1180,W3,W3,32 MA,7150,EXPRESS,SG1,19,5
1140,1140,N3,N3,32 MA,5120,VARUNA,SG1,19,2
1150,1150/1180,E3,E3,32 MA,6200,KTC,SG1,19,2
1150,1150/1180,S6,S6,18 FT,8150,KTC,SG1,20,3
1180,1150/1180,N4,N4,32 SA,400211,RCI,SG1,20,5
1170,1170/1190,E2,E2,32 MA,6000,RCI,SG1,20,2
1180,1150/1180,S8,S8,18 FT,400074,KTC,SG1,20,4
1180,1150/1180,W4,W4,32 MA,7250,SWASTIK,SG2,20,9
1110,1110,S1,S1_2,18 FT,4003,DEVAKI,SG2,20,10
1180,1150/1180,W3,W3,32 MA,7150,RCI,SG1,20,1
1140,1140,S1,S1_1,32 MA,8300,CHINNA,SG1,20,1
1120,1120,S4,S4_1,18 FT,4001,KTC,SG1,20,2
1140,1140,N2,N2,32 MA,5050,APML,SG2,20,6
1140,1140,N3,N3,32 MA,5040,RCI,SG1,20,4
1130,1130,S5,S5_1,32 MA,4000,ILAN,SG1,20,4
1190,1170/1190,W1,W1,32 MA,7000,MEGA,SG1,20,5
1170,1170/1190,E1,E1,32 MA,400035,DGFC,SG1,20,5
1140,1140,N3,N3,32 MA,5120,DRS,SG2,20,7
1180,1150/1180,E3,E3,32 MA,4002,DGFC,SG2,20,7
1150,1150/1180,S6,S6_1,18 FT,8251,RCI,SG1,20,3
1160,1160,N2,N2,32 MA,400303,DRS,SG2,20,7
1150,1150/1180,E3,E3,32 MA,6200,NCS,SG1,20,4
1170,1170/1190,W2,W2,32 MA,7250,DGFC,SG2,21,8
1150,1150/1180,S6,S6,18 FT,8150,RCI,SG1,21,5
1140,1140,N3,N3,32 MA,5040,VARUNA,SG1,21,1
1180,1150/1180,S8,S8,18 FT,400074,KTC,SG1,21,1
1170,1170/1190,E2,E2,32 MA,6000,VARUNA,SG1,21,4
1130,1130,S5,S5_1,32 MA,4000,MAHAVEERA,SG1,21,1
1140,1140,S1,S1_1,32 MA,8300,CHINNA,SG1,21,4
1180,1150/1180,W3,W3,32 MA,7150,SWASTIK,SG1,21,2
1190,1170/1190,W1,W1,32 MA,7000,EXPRESS,SG1,21,2
1160,1160,N3,N3,32 MA,5120,DRS,SG1,21,5
1190,1170/1190,E1,E1,32 MA,4002,DGFC,SG2,21,6
1140,1140,N2,N2,32 MA,5050,DRS,SG1,21,5
1120,1120,S4,S4_1,18 FT,4001,VARUNA,SG1,21,3
1110,1110,S1,S1_2,18 FT,4003,DEVAKI,SG2,21,9
1150,1150/1180,S6,S6_1,18 FT,8251,KTC,SG1,21,4
1160,1160,N2,N2,32 MA,400303,VARUNA,SG2,21,9
1180,1150/1180,N4,N4,32 SA,400211,VARUNA,SG1,21,1
1170,1170/1190,E1,E1,32 MA,400035,KAPOOR,SG1,21,5
1150,1150/1180,E3,E3,32 MA,6200,VARUNA,SG1,21,5
1150,1150/1180,S6,S6,18 FT,8150,KTC,SG1,22,5
1110,1110,S1,S1_2,18 FT,4003,DEVAKI,SG2,22,7
1160,1160,N2,N2,32 MA,400303,VARUNA,SG2,22,6
1150,1150/1180,S6,S6_1,18 FT,8251,MEGA,SG2,22,10
1140,1140,N2,N2,32 MA,5050,LGB,SG1,22,3
1170,1170/1190,W2,W2,32 MA,7250,HARSH,SG1,22,2
1170,1170/1190,E1,E1,32 MA,400035,TRIMURTHI,SG2,22,6
1180,1150/1180,N4,N4,32 SA,400211,LGB,SG2,22,8
1140,1140,S1,S1_1,32 MA,8300,CHINNA,SG1,22,3
1140,1140,S1,S1_2,32 MA,4000,CHINNA,SG1,22,5
1190,1170/1190,W1,W1,32 MA,7000,MEGA,SG1,22,4
1180,1150/1180,E3,E3,32 MA,6200,VARUNA,SG1,22,1
1160,1160,N3,N3,32 MA,5120,LGB,SG1,22,4
1180,1150/1180,S8,S8,18 FT,400074,KTC,SG1,22,2
1180,1150/1180,W3,W3,32 MA,7150,RCI,SG2,22,6
1120,1120,S4,S4_1,18 FT,4001,EAST INDIA,SG1,22,4
1190,1170/1190,E2,E2,32 MA,6000,KAPOOR,SG1,22,2
1160,1160,N3,N3,32 MA,5040,DBRC,SG2,22,9
1170,1170/1190,W1,W1,32 MA,7150,EAST INDIA,SG2,23,7
1150,1150/1180,S6,S6,18 FT,8150,RCI,SG2,23,7
1120,1120,S4,S4_1,18 FT,4001,KTC,SG1,23,1
1140,1140,S1,S1_2,32 MA,4000,CHINNA,SG1,23,2
1190,1170/1190,E2,E2,32 MA,6000,RCI,SG1,23,3
1180,1150/1180,E3,E3,32 MA,6200,VARUNA,SG2,23,10
1160,1160,N3,N3,32 MA,5120,DRS,SG2,23,9
1110,1110,S1,S1_2,18 FT,4003,DEVAKI,SG2,23,6
1170,1170/1190,W2,W2,32 MA,7250,SWASTIK,SG1,23,5
1170,1170/1190,E1,E1,32 MA,400035,DGFC,SG1,23,3
1180,1150/1180,S6,S6_1,18 FT,8251,KTC,SG1,23,3
1160,1160,N3,N3,32 MA,5040,DRS,SG1,23,2
1140,1140,N2,N2,32 MA,5050,RCI,SG1,23,2
1180,1150/1180,N4,N4,32 SA,400211,RCI,SG2,23,10
1160,1160,S1,S1_1,32 MA,8300,LGB,SG1,23,1
1170,1170/1190,E1,E1,32 MA,400035,KAPOOR,SG2,24,10
1170,1170/1190,W1,W1,32 MA,7150,EXPRESS,SG1,24,1
1140,1140,S1,S1_2,32 MA,4000,CHINNA,SG1,24,3
1160,1160,S1,S1_1,32 MA,8300,MAHAVEERA,SG1,24,5
1180,1150/1180,N4,N4,32 SA,400211,VARUNA,SG2,24,9
1130,1130,S5,S5_2,18 FT,4001,KTC,SG1,24,5
1160,1160,N3,N3,32 MA,5120,LGB,SG2,24,6
1160,1160,N3,N3,32 MA,5040,LGB,SG1,24,3
1190,1170/1190,S3,S3,18 FT,8251,GBL,SG2,24,8
1110,1110,S1,S1_2,18 FT,4003,DEVAKI,SG2,24,8
1140,1140,N2,N2,32 MA,5050,VARUNA,SG2,24,7
1190,1170/1190,W2,W2,32 MA,7250,HARSH,SG1,24,4
1170,1170/1190,E1,E1,32 MA,6200,DGFC,SG1,24,3
1190,1170/1190,E2,E2,32 MA,6000,KAPOOR,SG2,24,9
1150,1150/1180,S6,S6,18 FT,8150,KTC,SG1,24,2
1170,1170/1190,W1,W1,32 MA,7150,MEGA,SG1,25,3
1150,1150/1180,N6,N6,32 MA,5120,DRS,SG1,25,1
1130,1130,S5,S5_2,18 FT,4001,MEGA,SG1,25,1
1160,1160,N2,N2,32 MA,5050,APML,SG1,25,4
1160,1160,S1,S1_1,32 MA,8300,LGB,SG1,25,2
1170,1170/1190,E1,E1,32 MA,6200,EAST INDIA,SG1,25,2
1140,1140,S1,S1_2,32 MA,4000,CHINNA,SG1,25,1
1150,1150/1180,S6,S6,18 FT,8150,RCI,SG2,25,9
1190,1170/1190,W2,W2,32 MA,7250,SWASTIK,SG1,25,4
1150,1150/1180,N6,N6,32 MA,5040,DBRC,SG1,25,1
1110,1110,S1,S1_2,18 FT,4003,DEVAKI,SG2,25,10
1170,1170/1190,E1,E1,32 MA,400035,TRIMURTHI,SG2,25,8
1180,1150/1180,N4,N4,32 SA,400211,VARUNA,SG2,25,6
1190,1170/1190,W1,W1,32 MA,7150,EXPRESS,SG1,26,5
1150,1150/1180,S6,S6,18 FT,8150,KTC,SG1,26,4
1150,1150/1180,N6,N6,32 MA,5040,DRS,SG1,26,4
1140,1140,S1,S1_2,32 MA,4000,CHINNA,SG1,26,5
1170,1170/1190,E1,E1,32 MA,400035,DGFC,SG2,26,9
1190,1170/1190,W2,W2,32 MA,7250,HARSH,SG2,26,8
1150,1150/1180,N6,N6,32 MA,5120,LGB,SG1,26,5
1160,1160,S1,S1_1,32 MA,8300,MAHAVEERA,SG1,26,4
1160,1160,N2,N2,32 MA,5050,DBRC,SG1,26,5
1130,1130,S5,S5_2,18 FT,4001,VARUNA,SG1,26,2
1120,1120,S4,S4_1,18 FT,4003,EAST INDIA,SG1,26,1
1170,1170/1190,E1,E1,32 MA,6200,KAPOOR,SG1,26,4
1160,1160,S1,S1_1,32 MA,8300,LGB,SG1,27,4
1190,1170/1190,W1,W1,32 MA,7150,MEGA,SG1,27,2
1140,1140,S1,S1_2,32 MA,4000,CHINNA,SG1,27,2
1120,1120,S4,S4_1,18 FT,4003,KTC,SG1,27,3
1160,1160,N2,N2,32 MA,5050,DRS,SG1,27,1
1150,1150/1180,S6,S6,18 FT,8150,KTC,SG1,27,1
1130,1130,S5,S5_2,18 FT,4001,KTC,SG1,27,4
1150,1150/1180,N6,N6,32 MA,5120,RCI,SG1,27,3
1190,1170/1190,E1,E1,32 MA,6200,DGFC,SG2,27,9
1170,1170/1190,E1,E1,32 MA,400035,KAPOOR,SG2,27,7
1150,1150/1180,N6,N6,32 MA,5040,LGB,SG1,27,5
1140,1140,S1,S1_2,32 MA,4000,CHINNA,SG1,28,4
1130,1130,S5,S5_2,18 FT,4001,MEGA,SG1,28,3
1150,1150/1180,S6,S6,18 FT,8150,KTC,SG1,28,3
1150,1150/1180,N6,N6,32 MA,5040,RCI,SG1,28,4
1170,1170/1190,E1,E1,32 MA,400035,TRIMURTHI,SG2,28,10
1190,1170/1190,E1,E1,32 MA,6200,KAPOOR,SG1,28,1
1120,1120,S4,S4_1,18 FT,4003,VARUNA,SG1,28,2
1150,1150/1180,N6,N6,32 MA,5120,VARUNA,SG2,28,8
1150,1150/1180,S8,S8,32 MA,8300,EXPRESS,SG1,28,3
1160,1160,N2,N2,32 MA,5050,LGB,SG1,28,1
1190,1170/1190,W1,W1,32 MA,7150,EXPRESS,SG1,28,4
1150,1150/1180,N6,N6,32 MA,5120,DRS,SG2,29,6
1150,1150/1180,N6,N6,32 MA,5040,VARUNA,SG1,29,3
1170,1170/1190,E1,E1,32 MA,400035,DGFC,SG2,29,6
1130,1130,S5,S5_2,18 FT,4001,VARUNA,SG1,29,4
1150,1150/1180,S6,S6,32 MA,8150,EXPRESS,SG1,29,1
1120,1120,S4,S4_1,18 FT,4003,EAST INDIA,SG1,29,3
1160,1160,N2,N2,32 MA,5050,RCI,SG1,29,5
1190,1170/1190,E1,E1,32 MA,6200,DGFC,SG2,29,10
1140,1140,S1,S1_2,32 MA,4000,CHINNA,SG1,29,3
1150,1150/1180,S8,S8,32 MA,8300,MEGA,SG2,29,9
1170,1170/1190,E1,E1,32 MA,400035,KAPOOR,SG2,30,8
1120,1120,S4,S4_1,18 FT,4003,KTC,SG1,30,5
1140,1140,S2,S2,32 MA,4001,EXPRESS,SG1,30,3
1150,1150/1180,S8,S8,32 MA,8300,RCI,SG1,30,1
1150,1150/1180,N6,N6,32 MA,5120,LGB,SG2,30,10
1140,1140,S1,S1_2,32 MA,4000,CHINNA,SG1,30,1
1160,1160,N2,N2,32 MA,5050,VARUNA,SG1,30,4
1150,1150/1180,N6,N6,32 SA,5040,LGB,SG1,30,2
1150,1150/1180,S6,S6,32 MA,8150,COSMO,SG1,30,5
1140,1140,S2,S2,32 MA,4001,MEGA,SG1,31,1
1120,1120,S4,S4_1,18 FT,4003,VARUNA,SG1,31,2
1150,1150/1180,S8,S8,32 MA,8300,VARUNA,SG2,31,10
1150,1150/1180,N6,N6,32 MA,5120,RCI,SG2,31,8
1150,1150/1180,N5,N5,32 MA,5050,DBRC,SG1,31,3
1150,1150/1180,N6,N6,32 SA,5040,RCI,SG1,31,1
1150,1150/1180,S6,S6,32 MA,8150,EXPRESS,SG1,31,2
1170,1170/1190,E1,E1,32 MA,400035,TRIMURTHI,SG2,31,9
1140,1140,S1,S1_2,32 MA,4000,CHINNA,SG1,31,5
1150,1150/1180,N6,N6,32 SA,5040,VARUNA,SG1,32,5
1170,1170/1190,E1,E1,32 MA,400035,DGFC,SG2,32,7
1150,1150/1180,N5,N5,32 MA,5050,DRS,SG1,32,2
1150,1150/1180,S8,S8,32 MA,8300,EXPRESS,SG2,32,7
1150,1150/1180,S6,S6,32 MA,8150,COSMO,SG1,32,4
1140,1140,S1,S1_2,32 MA,4000,CHINNA,SG1,32,2
1120,1120,S4,S4_1,18 FT,4003,EAST INDIA,SG1,32,4
1140,1140,S2,S2,32 MA,4001,EXPRESS,SG1,32,5
1150,1150/1180,N6,N6,32 MA,5120,VARUNA,SG2,32,7
1180,1150/1180,N6,N6,32 MA,5040,DRS,SG2,33,8
1140,1140,S2,S2,32 MA,4001,MEGA,SG1,33,2
1150,1150/1180,S8,S8,32 MA,8300,MEGA,SG2,33,6
1150,1150/1180,N6,N6,32 SA,5120,LGB,SG2,33,9
1150,1150/1180,N5,N5,32 MA,5050,LGB,SG1,33,3
1150,1150/1180,S6,S6,32 MA,8150,EXPRESS,SG1,33,3
1140,1140,S1,S1_2,32 MA,4000,CHINNA,SG1,33,4
1120,1120,S4,S4_1,18 FT,4003,KTC,SG1,33,1
1170,1170/1190,E1,E1,32 MA,400035,KAPOOR,SG2,33,10
1160,1160,S2,S2_1,18 FT,4001,MEGA,SG1,34,4
1180,1150/1180,N6,N6,32 MA,5040,LGB,SG1,34,4
1180,1150/1180,N6,N6,32 MA,5120,LGB,SG2,34,7
1150,1150/1180,S6,S6,32 MA,8150,COSMO,SG1,34,1
1120,1120,S4,S4_1,18 FT,4003,VARUNA,SG1,34,3
1170,1170/1190,E1,E1,32 MA,400035,DGFC,SG2,34,9
1150,1150/1180,N5,N5,32 MA,5050,RCI,SG1,34,2
1140,1140,S1,S1_2,32 MA,4000,CHINNA,SG1,34,3
1150,1150/1180,S8,S8,32 MA,8300,RCI,SG1,34,5
1170,1170/1190,E1,E1,32 MA,400035,KAPOOR,SG2,35,6
1180,1150/1180,N6,N6,32 MA,5120,RCI,SG1,35,2
1140,1140,S1,S1_2,32 MA,4000,CHINNA,SG1,35,1
1150,1150/1180,S6,S6,32 MA,8150,EXPRESS,SG1,35,4
1150,1150/1180,S7,S7_1,32 MA,4001,MEGA,SG1,35,5
1170,1170/1190,N3,N3,32 MA,5040,DBRC,SG1,35,2
1150,1150/1180,S8,S8,32 MA,8300,VARUNA,SG2,35,9
1130,1130,S5,S5_1,32 MA,4003,EXPRESS,SG1,35,1
1150,1150/1180,N5,N5,32 MA,5050,VARUNA,SG1,35,5
1150,1150/1180,N5,N5,32 MA,5050,DBRC,SG1,36,4
1170,1170/1190,N3,N3,32 MA,5040,DRS,SG1,36,3
1130,1130,S5,S5_1,32 MA,4003,ILAN,SG1,36,5
1150,1150/1180,S8,S8,18 FT,8300,GBL,SG1,36,2
1140,1140,S1,S1_2,32 MA,4000,CHINNA,SG1,36,5
1170,1170/1190,E1,E1,32 MA,400035,DGFC,SG2,36,8
1150,1150/1180,S6,S6,32 MA,8150,COSMO,SG1,36,2
1180,1150/1180,N6,N6,32 MA,5120,VARUNA,SG1,36,4
1150,1150/1180,S7,S7_1,32 MA,4001,MEGA,SG1,36,1
1140,1140,S1,S1_2,32 MA,4000,CHINNA,SG2,37,9
1170,1170/1190,N3,N3,32 MA,5120,DBRC,SG2,37,8
1150,1150/1180,N5,N5,32 MA,5050,DRS,SG1,37,1
1190,1170/1190,N3,N3,32 MA,5040,LGB,SG1,37,1
1150,1150/1180,S7,S7_1,32 MA,4001,MEGA,SG1,37,3
1150,1150/1180,S8,S8,18 FT,8300,KTC,SG1,37,2
1150,1150/1180,S6,S6,32 MA,8150,EXPRESS,SG1,37,5
1130,1130,S5,S5_1,32 MA,4003,MAHAVEERA,SG1,37,2
1150,1150/1180,N5,N5,32 MA,5050,LGB,SG1,38,3
1190,1170/1190,N3,N3,32 MA,5040,DRS,SG2,38,10
1170,1170/1190,N3,N3,32 MA,5120,DRS,SG1,38,3
1180,1150/1180,S8,S8,32 MA,8300,RCI,SG1,38,4
1180,1150/1180,S6,S6,32 MA,8150,COSMO,SG1,38,3
1140,1140,S1,S1_2,32 MA,4000,CHINNA,SG2,38,8
1130,1130,S5,S5_1,32 MA,4003,RCI,SG1,38,4
1190,1170/1190,S2,S2_1,32 MA,4001,MEGA,SG1,38,2
1170,1170/1190,N3,N3,32 MA,5120,LGB,SG1,39,5
1140,1140,S1,S1_2,32 MA,4000,CHINNA,SG2,39,10
1190,1170/1190,S2,S2_1,32 MA,4001,EXPRESS,SG1,39,2
1180,1150/1180,S8,S8,32 MA,8300,RCI,SG1,39,3
1180,1150/1180,S6,S6,32 MA,8150,COSMO,SG2,39,6
1150,1150/1180,N5,N5,32 MA,5050,RCI,SG1,39,1
1130,1130,S5,S5_1,32 MA,4003,EXPRESS,SG1,39,4
1180,1150/1180,S8,S8,32 MA,8300,RCI,SG2,40,8
1160,1160,S1,S1_2,32 MA,4000,MAHAVEERA,SG1,40,3
1180,1150/1180,N5,N5,32 MA,5050,VARUNA,SG1,40,5
1190,1170/1190,S2,S2_1,32 MA,4001,MEGA,SG1,40,4
1130,1130,S5,S5_1,32 MA,4003,ILAN,SG2,40,9
1180,1150/1180,S6,S6,32 MA,8150,COSMO,SG2,40,7
1170,1170/1190,N3,N3,32 MA,5120,RCI,SG1,40,2
1180,1150/1180,N5,N5,32 MA,5050,RCI,SG1,41,4
1170,1170/1190,S3,S3,32 MA,8150,EXPRESS,SG1,41,1
1190,1170/1190,N3,N3,32 MA,5120,LGB,SG2,41,10
1160,1160,S1,S1_2,32 MA,4000,LGB,SG1,41,2
1190,1170/1190,S2,S2_1,32 MA,4001,EXPRESS,SG1,41,3
1130,1130,S5,S5_1,32 MA,4003,MAHAVEERA,SG2,41,7
1180,1150/1180,S8,S8,32 MA,8300,RCI,SG2,41,10
1160,1160,S1,S1_2,32 MA,4000,MAHAVEERA,SG1,42,4
1170,1170/1190,S3,S3,32 MA,8150,GBL,SG1,42,5
1180,1150/1180,S8,S8,32 MA,8300,RCI,SG2,42,7
1130,1130,S5,S5_1,32 MA,4003,RCI,SG1,42,3
1190,1170/1190,N3,N3,32 MA,5120,LGB,SG2,42,9
1180,1150/1180,N5,N5,32 MA,5050,VARUNA,SG1,42,2
1180,1150/1180,S8,S8,32 MA,8300,RCI,SG2,43,6
1180,1150/1180,N5,N5,32 MA,5050,RCI,SG2,43,9
1130,1130,S5,S5_1,32 MA,4003,EXPRESS,SG1,43,5
1160,1160,S1,S1_2,32 MA,4000,LGB,SG1,43,4
1190,1170/1190,S3,S3,32 MA,8150,EXPRESS,SG1,43,2
1170,1170/1190,S1,S1_1,32 MA,8300,ANAND,SG2,44,10
1130,1130,S5,S5_1,32 MA,4003,MAHAVEERA,SG2,44,9
1180,1150/1180,N5,N5,32 MA,5050,VARUNA,SG2,44,10
1190,1170/1190,S3,S3,32 MA,8150,GBL,SG1,44,3
1160,1160,S1,S1_2,32 MA,4000,MAHAVEERA,SG2,44,6
1170,1170/1190,S1,S1_1,32 MA,8300,CHINNA,SG2,45,7
1130,1130,S5,S5_1,32 MA,4003,RCI,SG1,45,1
1170,1170/1190,N2,N2,32 MA,5050,DBRC,SG1,45,1
1160,1160,S1,S1_2,32 MA,4000,LGB,SG1,45,1
1190,1170/1190,S3,S3,32 MA,8150,GBL,SG2,45,8
1170,1170/1190,S1,S1_1,32 MA,8300,GBL,SG1,46,1
1130,1130,S5,S5_1,32 MA,4003,EXPRESS,SG1,46,2
1170,1170/1190,N2,N2,32 MA,5050,DRS,SG1,46,4
1160,1160,S1,S1_2,32 MA,4000,MAHAVEERA,SG2,46,7
1170,1170/1190,N2,N2,32 MA,5050,RCI,SG1,47,5
1170,1170/1190,S1,S1_1,32 MA,8300,LGB,SG1,47,5
1150,1150/1180,S8,S8,32 MA,4000,ANAND,SG1,47,2
1130,1130,S5,S5_1,32 MA,4003,RCI,SG1,47,3
1190,1170/1190,S1,S1_1,32 MA,8300,GBL,SG1,48,5
1170,1170/1190,N2,N2,32 MA,5050,VARUNA,SG1,48,3
1130,1130,S5,S5_1,32 MA,4003,EXPRESS,SG1,48,4
1150,1150/1180,S8,S8,32 MA,4000,EXPRESS,SG1,48,3
1190,1170/1190,N2,N2,32 MA,5050,DRS,SG1,49,2
1190,1170/1190,S1,S1_1,32 MA,8300,LGB,SG2,49,8
1150,1150/1180,S8,S8,32 MA,4000,LGB,SG1,49,5
1140,1140,S1,S1_2,32 MA,4003,CHINNA,SG2,49,6
1190,1170/1190,S1,S1_1,32 MA,8300,GBL,SG1,50,4
1190,1170/1190,N2,N2,32 MA,5050,RCI,SG1,50,5
1140,1140,S1,S1_2,32 MA,4003,CHINNA,SG2,50,8
1150,1150/1180,S8,S8,32 MA,4000,MEGA,SG1,50,5
1190,1170/1190,N2,N2,32 MA,5050,VARUNA,SG2,51,6
1190,1170/1190,S1,S1_1,32 MA,8300,LGB,SG2,51,9
1150,1150/1180,S8,S8,32 MA,4000,RCI,SG1,51,2
1140,1140,S1,S1_2,32 MA,4003,CHINNA,SG2,51,10
1140,1140,S1,S1_2,32 MA,4003,CHINNA,SG2,52,9
1150,1150/1180,S8,S8,32 MA,4000,VARUNA,SG1,52,4
1190,1170/1190,S1,S1_1,32 MA,8300,GBL,SG1,52,1
1190,1170/1190,N2,N2,32 MA,5050,DRS,SG1,52,4
1140,1140,S1,S1_2,32 MA,4003,CHINNA,SG2,53,7
1190,1170/1190,S1,S1_1,32 MA,8300,GBL,SG1,53,3
1190,1170/1190,N2,N2,32 MA,5050,RCI,SG2,53,8
1180,1150/1180,S8,S8,32 MA,4000,RCI,SG1,53,1
1170,1170/1190,S1,S1_1,32 MA,4000,ANAND,SG1,54,3
1190,1170/1190,S1,S1_1,32 MA,8300,GBL,SG2,54,7
1140,1140,S1,S1_2,32 MA,4003,CHINNA,SG2,54,6
1170,1170/1190,S1,S1_1,32 MA,4000,CHINNA,SG1,55,2
1140,1140,S1,S1_2,32 MA,4003,CHINNA,SG2,55,8
1140,1140,S1,S1_2,32 MA,4003,CHINNA,SG2,56,10
1170,1170/1190,S1,S1_1,32 MA,4000,GBL,SG1,56,5
1170,1170/1190,S1,S1_1,32 MA,4000,LGB,SG1,57,3
1160,1160,S1,S1_2,32 MA,4003,LGB,SG2,57,7
1150,1150/1180,S8,S8,32 MA,4003,ANAND,SG1,58,1
1170,1170/1190,S1,S1_1,32 MA,4000,ANAND,SG2,58,6
1170,1170/1190,S1,S1_1,32 MA,4000,CHINNA,SG1,59,4
1150,1150/1180,S8,S8,32 MA,4003,EXPRESS,SG1,59,5
1150,1150/1180,S8,S8,32 MA,4003,LGB,SG1,60,2
1190,1170/1190,S1,S1_1,32 MA,4000,GBL,SG1,60,1
1150,1150/1180,S8,S8,32 MA,4003,MEGA,SG1,61,4
1190,1170/1190,S1,S1_1,32 MA,4000,LGB,SG1,61,4
1150,1150/1180,S8,S8,32 MA,4003,RCI,SG1,62,3
1190,1170/1190,S1,S1_1,32 MA,4000,GBL,SG1,62,2
1190,1170/1190,S1,S1_1,32 MA,4000,LGB,SG1,63,1
1150,1150/1180,S8,S8,32 MA,4003,VARUNA,SG1,63,1
1150,1150/1180,S8,S8,32 MA,4003,ANAND,SG2,64,9
1150,1150/1180,S8,S8,32 MA,4003,EXPRESS,SG1,65,5
1150,1150/1180,S8,S8,32 MA,4003,LGB,SG2,66,6
1150,1150/1180,S8,S8,32 MA,4003,MEGA,SG1,67,2
1150,1150/1180,S8,S8,32 MA,4003,RCI,SG1,68,4
1150,1150/1180,S8,S8,32 MA,4003,VARUNA,SG1,69,3
1150,1150/1180,S8,S8,32 MA,4003,EXPRESS,SG1,70,1
1150,1150/1180,S8,S8,32 MA,4003,LGB,SG2,71,8
1150,1150/1180,S8,S8,32 MA,4003,MEGA,SG1,72,5
