Plant,ClubPlant,Destination,Cluster,SubCluster,RDC,DestCategory,RDCCluster,RDCSubCluster,RDCDestCategory,RDCORGTruckType,TruckType,TruckDemandFinal
1110,1110,5001,N1,N1,5050,DEPOT,N2,N2,DEPOT,32 MA,32 MA,0.102
1110,1110,5002,N1,N1,5050,DEPOT,N2,N2,DEPOT,32 MA,32 MA,0.034
1110,1110,5004,N1,N1,5050,DEPOT,N2,N2,DEPOT,32 MA,32 MA,0.02
1110,1110,5040,N3,N3,5040,DEPOT,N3,N3,DEPOT,32 MA,32 MA,0.6654132457580735
1110,1110,5050,N2,N2,5050,DEPOT,N2,N2,DEPOT,32 MA,32 MA,0.0024510125889436463
1110,1110,5051,N3,N3,5050,DEPOT,N2,N2,DEPOT,32 MA,32 MA,0.015277777777777777
1110,1110,5052,N2,N2,5040,DEPOT,N3,N3,DEPOT,32 MA,32 MA,0.11166666666666666
1110,1110,5054,N1,N1,5050,DEPOT,N2,N2,DEPOT,32 MA,32 MA,0.13129166666666667
1110,1110,5055,N2,N2,5050,DEPOT,N2,N2,DEPOT,32 MA,32 MA,0.3628571428571429
1110,1110,5061,N2,N2,5040,DEPOT,N3,N3,DEPOT,32 MA,32 MA,0.1516111111111111
1110,1110,5071,N1,N1,5050,DEPOT,N2,N2,DEPOT,32 MA,32 MA,0.21131944444444445
1110,1110,5101,N3,N3,5120,DEPOT,N3,N3,DEPOT,32 MA,32 MA,0.12857142857142856
1110,1110,5102,N3,N3,5120,DEPOT,N3,N3,DEPOT,32 MA,32 MA,0.112
1110,1110,5103,N3,N3,5120,DEPOT,N3,N3,DEPOT,32 MA,32 MA,0.04
1110,1110,5104,N3,N3,5120,DEPOT,N3,N3,DEPOT,32 MA,32 MA,0.02
1110,1110,5105,N3,N3,5120,DEPOT,N3,N3,DEPOT,32 MA,32 MA,0.04285714285714286
1110,1110,5106,N3,N3,5120,DEPOT,N3,N3,DEPOT,32 MA,32 MA,0.49228571428571427
1110,1110,5107,N3,N3,5050,DEPOT,N2,N2,DEPOT,32 MA,32 MA,0.22857142857142856
1110,1110,5109,N3,N3,5120,DEPOT,N3,N3,DEPOT,32 MA,32 MA,0.037208333333333336
1110,1110,5111,N3,N3,5120,DEPOT,N3,N3,DEPOT,32 MA,32 MA,0.02
1110,1110,5114,N3,N3,5120,DEPOT,N3,N3,DEPOT,32 MA,32 MA,0.08914285714285713
1110,1110,5115,N1,N1,5050,DEPOT,N2,N2,DEPOT,32 MA,32 MA,0.30924999999999997
1110,1110,5116,N3,N3,5120,DEPOT,N3,N3,DEPOT,32 MA,32 MA,0.168
1110,1110,5151,N1,N1,5050,DEPOT,N2,N2,DEPOT,32 MA,32 MA,0.34844444444444445
1110,1110,5153,N1,N1,6200,DEPOT,E1,E1,DEPOT,32 MA,32 MA,0.31878260869565217
1110,1110,5155,N1,N1,6200,DEPOT,E1,E1,DEPOT,32 MA,32 MA,0.526
1110,1110,5156,W2,W2,5050,DEPOT,N2,N2,DEPOT,32 MA,32 MA,0.152
1110,1110,5157,N1,N1,6200,DEPOT,E1,E1,DEPOT,32 MA,32 MA,0.24742857142857141
1110,1110,5201,N1,N1,5050,DEPOT,N2,N2,DEPOT,32 MA,32 MA,0.12650396825396815
1110,1110,5202,N1,N1,5050,DEPOT,N2,N2,DEPOT,32 MA,32 MA,0.2492638888888889
1110,1110,5203,N1,N1,5120,DEPOT,N3,N3,DEPOT,32 MA,32 MA,0.4560952380952381
1110,1110,5251,N2,N2,5050,DEPOT,N2,N2,DEPOT,32 MA,32 MA,0.23163103864734302
1110,1110,5252,N2,N2,5040,DEPOT,N3,N3,DEPOT,32 MA,32 MA,0.292
1110,1110,5303,N2,N2,5040,DEPOT,N3,N3,DEPOT,32 MA,18 FT,0.076
1110,1110,5305,N2,N2,5040,DEPOT,N3,N3,DEPOT,32 MA,32 MA,0.10111111111111111
1110,1110,5306,N2,N2,5040,DEPOT,N3,N3,DEPOT,32 MA,32 MA,0.20320833333333335
1110,1110,5307,N2,N2,5040,DEPOT,N3,N3,DEPOT,32 MA,32 MA,0.096
1110,1110,5309,N2,N2,5040,DEPOT,N3,N3,DEPOT,32 MA,32 MA,0.02
1110,1110,6001,E2,E2,6000,DEPOT,E2,E2,DEPOT,32 MA,32 MA,0.7067826086956523
1110,1110,6003,E2,E2,6000,DEPOT,E2,E2,DEPOT,32 MA,32 MA,0.5120962732919254
1110,1110,6004,E2,E2,6000,DEPOT,E2,E2,DEPOT,32 MA,32 MA,0.4040683229813664
1110,1110,6011,E2,E2,6000,DEPOT,E2,E2,DEPOT,32 MA,32 MA,0.5464347826086957
1110,1110,6012,E2,E2,6000,DEPOT,E2,E2,DEPOT,32 MA,18 FT,0.09197515527950306
1110,1110,6102,E2,E2,6000,DEPOT,E2,E2,DEPOT,32 MA,32 MA,0.05902087646652854
1110,1110,6200,E1,E1,6200,DEPOT,E1,E1,DEPOT,32 MA,32 MA,0.0056431308155446835
1110,1110,6201,E1,E1,6200,DEPOT,E1,E1,DEPOT,32 MA,32 MA,0.4622608695652174
1110,1110,6202,E1,E1,6200,DEPOT,E1,E1,DEPOT,32 MA,32 MA,0.32799999999999996
1110,1110,6203,E1,E1,6200,DEPOT,E1,E1,DEPOT,32 MA,32 MA,0.5536273291925466
1110,1110,6205,E1,E1,6200,DEPOT,E1,E1,DEPOT,32 MA,32 MA,0.15125
1110,1110,6206,E1,E1,6200,DEPOT,E1,E1,DEPOT,32 MA,32 MA,0.7124347826086956
1110,1110,6207,E1,E1,6200,DEPOT,E1,E1,DEPOT,32 MA,32 MA,0.054000000000000006
1110,1110,7000,W1,W1,7000,DEPOT,W1,W1,DEPOT,32 MA,32 MA,0.14205882352941177
1110,1110,7001,W1,W1,7000,DEPOT,W1,W1,DEPOT,32 MA,32 MA,0.3015277777777778
1110,1110,7002,W1,W1,7000,DEPOT,W1,W1,DEPOT,32 MA,32 MA,0.084
1110,1110,7003,W1,W1,7000,DEPOT,W1,W1,DEPOT,32 MA,32 MA,0.0375
1110,1110,7004,W1,W1,7000,DEPOT,W1,W1,DEPOT,32 MA,32 MA,0.100625
1110,1110,7051,W1,W1,7000,DEPOT,W1,W1,DEPOT,32 MA,32 MA,0.1241421568627451
1110,1110,7052,W1,W1,7000,DEPOT,W1,W1,DEPOT,32 MA,32 MA,0.048
1110,1110,7053,W1,W1,7000,DEPOT,W1,W1,DEPOT,32 MA,32 MA,0.04894444444444444
1110,1110,7054,W1,W1,7000,DEPOT,W1,W1,DEPOT,32 MA,32 MA,0.10927777777777778
1110,1110,7102,W1,W1,7102,DEPOT,W1,W1,DEPOT,32 MA,32 MA,0.116
1110,1110,7103,W1,W1,7150,DEPOT,W1,W1,DEPOT,32 MA,32 MA,0.186
1110,1110,7104,W1,W1,7150,DEPOT,W1,W1,DEPOT,32 MA,18 FT,0.03125
1110,1110,7150,W1,W1,7150,DEPOT,W1,W1,DEPOT,32 MA,32 MA,0.5159296822177147
1110,1110,7151,W1,W1,7150,DEPOT,W1,W1,DEPOT,32 MA,32 MA,0.02
1110,1110,7152,W1,W1,7152,DEPOT,W1,W1,DEPOT,32 MA,32 MA,0.18057142857142855
1110,1110,7153,W1,W1,7150,DEPOT,W1,W1,DEPOT,32 MA,32 MA,0.20566666666666666
1110,1110,7155,W1,W1,7150,DEPOT,W1,W1,DEPOT,32 MA,32 MA,0.08600000000000001
1110,1110,7250,W2,W2,7250,DEPOT,W2,W2,DEPOT,32 MA,32 MA,0.450339756592292
1110,1110,7252,W2,W2,7250,DEPOT,W2,W2,DEPOT,32 MA,32 MA,0.028
1110,1110,7253,W2,W2,5050,DEPOT,N2,N2,DEPOT,32 MA,32 MA,0.414
1110,1110,7254,W2,W2,7250,DEPOT,W2,W2,DEPOT,32 MA,32 MA,0.43942857142857145
1110,1110,7302,W2,W2,7302,DEPOT,W2,W2,DEPOT,32 MA,32 MA,0.33399999999999996
1110,1110,8001,S2,S2,8010,DEPOT,S2,S2,DEPOT,32 MA,18 FT,0.092
1110,1110,8002,S2,S2,8010,DEPOT,S2,S2,DEPOT,32 MA,18 FT,0.052000000000000005
1110,1110,8003,S2,S2,8010,DEPOT,S2,S2,DEPOT,32 MA,18 FT,0.22788492063492066
1110,1110,8004,S2,S2,8010,DEPOT,S2,S2,DEPOT,32 MA,18 FT,0.15366666666666667
1110,1110,8005,S2,S2,8010,DEPOT,S2,S2,DEPOT,32 MA,18 FT,0.20012698412698415
1110,1110,8006,S2,S2,8010,DEPOT,S2,S2,DEPOT,32 MA,18 FT,0.14192857142857143
1110,1110,8010,S2,S2,8010,DEPOT,S2,S2,DEPOT,32 MA,32 MA,0.22742857142857154
1110,1110,8051,S2,S2,7150,DEPOT,W1,W1,DEPOT,32 MA,18 FT,0.19475
1110,1110,8052,S2,S2,8010,DEPOT,S2,S2,DEPOT,32 MA,18 FT,0.1305
1110,1110,8054,S2,S2,8010,DEPOT,S2,S2,DEPOT,32 MA,18 FT,0.12055555555555555
1110,1110,8055,S2,S2,8150,DEPOT,S9,S9_1,DEPOT,32 MA,18 FT,0.022
1110,1110,8102,S2,S2,8300,DEPOT,S1,S1_1,DEPOT,32 MA,18 FT,0.022
1110,1110,8103,S2,S2,8300,DEPOT,S1,S1_1,DEPOT,32 MA,18 FT,0.26
1110,1110,8104,S2,S2,8300,DEPOT,S1,S1_1,DEPOT,32 MA,18 FT,0.064
1110,1110,8105,S2,S2,8300,DEPOT,S1,S1_1,DEPOT,32 MA,18 FT,0.076
1110,1110,8107,S2,S2,8300,DEPOT,S1,S1_1,DEPOT,32 MA,18 FT,0.082
1110,1110,8150,S9,S9_1,8150,DEPOT,S9,S9_1,DEPOT,32 MA,32 MA,0.029342541614346906
1110,1110,8153,S3,S3,8150,DEPOT,S9,S9_1,DEPOT,32 MA,18 FT,0.12857142857142856
1110,1110,8156,S3,S3,8150,DEPOT,S9,S9_1,DEPOT,32 MA,18 FT,0.3
1110,1110,8251,S3,S3,8150,DEPOT,S9,S9_1,DEPOT,32 MA,18 FT,0.1462539682539683
1110,1110,8252,S3,S3,8150,DEPOT,S9,S9_1,DEPOT,32 MA,18 FT,0.26322222222222225
1110,1110,8254,S3,S3,8150,DEPOT,S9,S9_1,DEPOT,32 MA,18 FT,0.17142857142857143
1110,1110,8255,S3,S3,8150,DEPOT,S9,S9_1,DEPOT,32 MA,18 FT,0.22231746031746025
1110,1110,8257,S3,S3,8150,DEPOT,S9,S9_1,DEPOT,32 MA,18 FT,0.025
1110,1110,8258,S3,S3,8300,DEPOT,S1,S1_1,DEPOT,32 MA,18 FT,0.3186031746031746
1110,1110,8261,S3,S3,8150,DEPOT,S9,S9_1,DEPOT,32 MA,18 FT,0.02
1110,1110,8300,S1,S1_1,8300,DEPOT,S1,S1_1,DEPOT,32 MA,32 MA,0.3865937157471686
1110,1110,8301,S1,S1_1,8300,DEPOT,S1,S1_1,DEPOT,32 MA,18 FT,0.29304347826086974
1110,1110,8304,S1,S1,8300,DEPOT,S1,S1_1,DEPOT,32 MA,18 FT,0.040581780538302414
1110,1110,8305,S1,S1,8300,DEPOT,S1,S1_1,DEPOT,32 MA,18 FT,0.02803588681849556
1110,1110,8306,S1,S1,8300,DEPOT,S1,S1_1,DEPOT,32 MA,18 FT,0.12310628019323677
1110,1110,8311,S1,S1,8300,DEPOT,S1,S1_1,DEPOT,32 MA,18 FT,0.30872463768115943
1110,1110,8312,S1,S1_1,8300,DEPOT,S1,S1_1,DEPOT,32 MA,18 FT,0.29495652173913056
1110,1110,8313,S1,S1,8300,DEPOT,S1,S1_1,DEPOT,32 MA,18 FT,0.1095590062111802
1110,1110,8315,S1,S1,8300,DEPOT,S1,S1_1,DEPOT,32 MA,18 FT,0.23739130434782607
1110,1110,8351,S1,S1,8300,DEPOT,S1,S1_1,DEPOT,32 MA,18 FT,0.16065217391304332
1110,1110,8352,S1,S1,8300,DEPOT,S1,S1_1,DEPOT,32 MA,18 FT,0.012304347826087136
1110,1110,8353,S1,S1,8300,DEPOT,S1,S1_1,DEPOT,32 MA,18 FT,0.2003602484472049
1110,1110,8354,S1,S1,8300,DEPOT,S1,S1_1,DEPOT,32 MA,18 FT,0.21495031055900626
1110,1110,8355,S1,S1,8300,DEPOT,S1,S1_1,DEPOT,32 MA,18 FT,0.08078881987577646
1110,1110,8356,S1,S1,8300,DEPOT,S1,S1_1,DEPOT,32 MA,18 FT,0.1343495514147688
1120,1120,5001,N7,N7,5050,DEPOT,N7,N7,DEPOT,32 MA,32 MA,0.007
1120,1120,5002,N7,N7,5050,DEPOT,N7,N7,DEPOT,32 MA,32 MA,0.1380952380952381
1120,1120,5004,N7,N7,5050,DEPOT,N7,N7,DEPOT,32 MA,32 MA,0.003
1120,1120,5006,N7,N7,5050,DEPOT,N7,N7,DEPOT,32 MA,32 MA,0.002
1120,1120,5050,N7,N7,5050,DEPOT,N7,N7,DEPOT,32 MA,32 MA,0.5578704078442833
1120,1120,5051,N7,N7,5050,DEPOT,N7,N7,DEPOT,32 MA,32 MA,0.07006428571428572
1120,1120,5052,N7,N7,5040,DEPOT,N7,N7,DEPOT,32 MA,32 MA,0.20442142857142856
1120,1120,5053,N7,N7,5040,DEPOT,N7,N7,DEPOT,32 MA,32 MA,0.04088214285714285
1120,1120,5054,N7,N7,5050,DEPOT,N7,N7,DEPOT,32 MA,32 MA,0.03957602040816326
1120,1120,5055,N7,N7,5050,DEPOT,N7,N7,DEPOT,32 MA,32 MA,0.4864297820823245
1120,1120,5061,N7,N7,5040,DEPOT,N7,N7,DEPOT,32 MA,32 MA,0.04542142857142857
1120,1120,5071,N7,N7,5050,DEPOT,N7,N7,DEPOT,32 MA,32 MA,0.014639285714285716
1120,1120,5101,N7,N7,5120,DEPOT,N7,N7,DEPOT,32 MA,32 MA,0.18704761904761905
1120,1120,5102,N7,N7,5120,DEPOT,N7,N7,DEPOT,32 MA,32 MA,0.11333928571428573
1120,1120,5103,N7,N7,5120,DEPOT,N7,N7,DEPOT,32 MA,32 MA,0.06683333333333334
1120,1120,5104,N7,N7,5120,DEPOT,N7,N7,DEPOT,32 MA,32 MA,0.113125
1120,1120,5105,N7,N7,5120,DEPOT,N7,N7,DEPOT,32 MA,32 MA,0.031041666666666662
1120,1120,5106,N7,N7,5120,DEPOT,N7,N7,DEPOT,32 MA,32 MA,0.16721428571428573
1120,1120,5107,N7,N7,5050,DEPOT,N7,N7,DEPOT,32 MA,32 MA,0.36991666666666667
1120,1120,5108,N7,N7,5120,DEPOT,N7,N7,DEPOT,32 MA,32 MA,0.20101638438880706
1120,1120,5109,N7,N7,5120,DEPOT,N7,N7,DEPOT,32 MA,32 MA,0.45596565934065936
1120,1120,5111,N7,N7,5120,DEPOT,N7,N7,DEPOT,32 MA,32 MA,0.027999999999999997
1120,1120,5112,N7,N7,5120,DEPOT,N7,N7,DEPOT,32 MA,32 MA,0.1715297619047619
1120,1120,5114,N7,N7,5120,DEPOT,N7,N7,DEPOT,32 MA,32 MA,0.033035714285714286
1120,1120,5115,N7,N7_1,5050,DEPOT,N7,N7,DEPOT,32 MA,32 MA,0.2979702380952381
1120,1120,5116,N7,N7,5120,DEPOT,N7,N7,DEPOT,32 MA,32 MA,0.06941666666666667
1120,1120,5120,N7,N7,5120,DEPOT,N7,N7,DEPOT,32 MA,32 MA,0.3748961631588751
1120,1120,5151,N7,N7_1,5050,DEPOT,N7,N7,DEPOT,32 MA,32 MA,0.06829761904761905
1120,1120,5152,N7,N7_1,5050,DEPOT,N7,N7,DEPOT,32 MA,32 MA,0.34670258272800647
1120,1120,5153,N7,N7_1,6200,DEPOT,E5,E5,DEPOT,32 MA,32 MA,0.041690476190476194
1120,1120,5155,N7,N7_1,6200,DEPOT,E5,E5,DEPOT,32 MA,32 MA,0.24248793226547463
1120,1120,5156,W5,W5,5050,DEPOT,N7,N7,DEPOT,32 MA,32 MA,0.7023486895204113
1120,1120,5157,N7,N7_1,6200,DEPOT,E5,E5,DEPOT,32 MA,32 MA,0.042027777777777775
1120,1120,5201,N7,N7_1,5050,DEPOT,N7,N7,DEPOT,32 MA,32 MA,0.22524999999999995
1120,1120,5202,N7,N7_1,5050,DEPOT,N7,N7,DEPOT,32 MA,32 MA,0.5490578231292518
1120,1120,5203,N7,N7_1,5120,DEPOT,N7,N7,DEPOT,32 MA,32 MA,0.5065714285714286
1120,1120,5206,N7,N7_1,5050,DEPOT,N7,N7,DEPOT,32 MA,32 MA,0.13914744897959186
1120,1120,5251,N7,N7,5050,DEPOT,N7,N7,DEPOT,32 MA,32 MA,0.2113202380952381
1120,1120,5252,N7,N7,5040,DEPOT,N7,N7,DEPOT,32 MA,32 MA,0.011803571428571429
1120,1120,5301,N7,N7,5301,DEPOT,N7,N7,DEPOT,32 MA,32 MA,0.6596759466953873
1120,1120,5303,N7,N7,5040,DEPOT,N7,N7,DEPOT,32 MA,18 FT,0.0061666666666666675
1120,1120,5305,N7,N7,5040,DEPOT,N7,N7,DEPOT,32 MA,32 MA,0.026071428571428572
1120,1120,5306,N7,N7,5040,DEPOT,N7,N7,DEPOT,32 MA,32 MA,0.018
1120,1120,5307,N7,N7,5040,DEPOT,N7,N7,DEPOT,32 MA,32 MA,0.10247959183673469
1120,1120,5309,N7,N7,5040,DEPOT,N7,N7,DEPOT,32 MA,32 MA,0.04869999999999999
1120,1120,6000,E5,E5,6000,DEPOT,E5,E5,DEPOT,32 MA,32 MA,0.22
1120,1120,6001,E5,E5,6000,DEPOT,E5,E5,DEPOT,32 MA,32 MA,0.130325
1120,1120,6003,E5,E5,6000,DEPOT,E5,E5,DEPOT,32 MA,32 MA,0.04541071428571429
1120,1120,6004,E5,E5,6000,DEPOT,E5,E5,DEPOT,32 MA,32 MA,0.05046428571428572
1120,1120,6011,E5,E5,6000,DEPOT,E5,E5,DEPOT,32 MA,32 MA,0.048107142857142855
1120,1120,6012,E5,E5,6000,DEPOT,E5,E5,DEPOT,32 MA,18 FT,0.16882142857142857
1120,1120,6013,E5,E5,6000,DEPOT,E5,E5,DEPOT,32 MA,32 MA,0.004125
1120,1120,6053,E5,E5,6053,DEPOT,E5,E5,DEPOT,32 MA,32 MA,0.37682380952380956
1120,1120,6102,E5,E5,6000,DEPOT,E5,E5,DEPOT,32 MA,32 MA,0.6700714285714288
1120,1120,6200,E5,E5,6200,DEPOT,E5,E5,DEPOT,32 MA,32 MA,0.5260714285714285
1120,1120,6201,E5,E5,6200,DEPOT,E5,E5,DEPOT,32 MA,32 MA,0.05629166666666666
1120,1120,6202,E5,E5,6200,DEPOT,E5,E5,DEPOT,32 MA,32 MA,0.22514880952380956
1120,1120,6203,E5,E5,6200,DEPOT,E5,E5,DEPOT,32 MA,32 MA,0.18076190476190476
1120,1120,6204,E5,E5,6200,DEPOT,E5,E5,DEPOT,32 MA,32 MA,0.03031666666666667
1120,1120,6205,E5,E5,6200,DEPOT,E5,E5,DEPOT,32 MA,32 MA,0.0085
1120,1120,6206,E5,E5,6200,DEPOT,E5,E5,DEPOT,32 MA,32 MA,0.075125
1120,1120,6207,E5,E5,6200,DEPOT,E5,E5,DEPOT,32 MA,32 MA,0.05219642857142857
1120,1120,7001,W5,W5,7000,DEPOT,W5,W5,DEPOT,32 MA,32 MA,0.2643693609022556
1120,1120,7002,W5,W5,7000,DEPOT,W5,W5,DEPOT,32 MA,32 MA,0.10639285714285715
1120,1120,7003,W5,W5,7000,DEPOT,W5,W5,DEPOT,32 MA,32 MA,0.018625000000000003
1120,1120,7004,W5,W5,7000,DEPOT,W5,W5,DEPOT,32 MA,32 MA,0.009874999999999998
1120,1120,7052,W5,W5,7000,DEPOT,W5,W5,DEPOT,32 MA,32 MA,0.080625
1120,1120,7053,W5,W5,7000,DEPOT,W5,W5,DEPOT,32 MA,32 MA,0.013
1120,1120,7054,W5,W5,7000,DEPOT,W5,W5,DEPOT,32 MA,32 MA,0.12767261904761906
1120,1120,7102,W5,W5,7102,DEPOT,W5,W5,DEPOT,32 MA,32 MA,0.2821542709867452
1120,1120,7103,W5,W5,7150,DEPOT,W5,W5,DEPOT,32 MA,32 MA,0.18915109201575353
1120,1120,7104,W5,W5,7150,DEPOT,W5,W5,DEPOT,32 MA,18 FT,0.17433333333333334
1120,1120,7105,W5,W5,8150,DEPOT,S9,S9_2,DEPOT,32 MA,32 MA,0.6084113091937389
1120,1120,7151,W5,W5,7150,DEPOT,W5,W5,DEPOT,32 MA,32 MA,0.43461211340206185
1120,1120,7152,W5,W5,7152,DEPOT,W5,W5,DEPOT,32 MA,32 MA,0.18565243403819598
1120,1120,7153,W5,W5,7150,DEPOT,W5,W5,DEPOT,32 MA,32 MA,0.3852984693877551
1120,1120,7155,W5,W5,7150,DEPOT,W5,W5,DEPOT,32 MA,32 MA,0.0863452380952381
1120,1120,7157,W5,W5,7150,DEPOT,W5,W5,DEPOT,32 MA,32 MA,0.5266113199665832
1120,1120,7161,W5,W5,7250,DEPOT,W5,W5,DEPOT,32 MA,32 MA,0.28167441615821587
1120,1120,7250,W5,W5,7250,DEPOT,W5,W5,DEPOT,32 MA,32 MA,0.43504265706822354
1120,1120,7251,W5,W5,7250,DEPOT,W5,W5,DEPOT,32 MA,32 MA,0.6838662902961873
1120,1120,7252,W5,W5,7250,DEPOT,W5,W5,DEPOT,32 MA,32 MA,0.25505143467643465
1120,1120,7253,W5,W5,5050,DEPOT,N7,N7,DEPOT,32 MA,32 MA,0.13004019391261662
1120,1120,7254,W5,W5,7250,DEPOT,W5,W5,DEPOT,32 MA,32 MA,0.35120450646098034
1120,1120,7301,W5,W5,7250,DEPOT,W5,W5,DEPOT,32 MA,32 MA,0.4843328424153165
1120,1120,7302,W5,W5,7302,DEPOT,W5,W5,DEPOT,32 MA,32 MA,0.41518628315138123
1120,1120,7304,W5,W5,7250,DEPOT,W5,W5,DEPOT,32 MA,32 MA,0.11038095238095239
1120,1120,8001,S4,S4_1,8010,DEPOT,S4,S4_1,DEPOT,32 MA,18 FT,0.012425595238095166
1120,1120,8002,S4,S4_1,8010,DEPOT,S4,S4_1,DEPOT,32 MA,18 FT,0.1825357142857143
1120,1120,8003,S4,S4_1,8010,DEPOT,S4,S4_1,DEPOT,32 MA,18 FT,0.1413819444444444
1120,1120,8005,S4,S4_1,8010,DEPOT,S4,S4_1,DEPOT,32 MA,18 FT,0.35476190476190483
1120,1120,8006,S4,S4_1,8010,DEPOT,S4,S4_1,DEPOT,32 MA,18 FT,0.05251309523809544
1120,1120,8010,S4,S4_1,8010,DEPOT,S4,S4_1,DEPOT,32 MA,32 MA,0.06952380952380977
1120,1120,8051,S4,S4_1,7150,DEPOT,W5,W5,DEPOT,32 MA,18 FT,0.23323928571428565
1120,1120,8052,S4,S4_1,8010,DEPOT,S4,S4_1,DEPOT,32 MA,18 FT,0.2930636904761903
1120,1120,8053,S4,S4_1,8150,DEPOT,S9,S9_2,DEPOT,32 MA,18 FT,0.12200396825396864
1120,1120,8054,S4,S4_1,8010,DEPOT,S4,S4_1,DEPOT,32 MA,18 FT,0.2985446428571429
1120,1120,8055,S4,S4_1,8150,DEPOT,S9,S9_2,DEPOT,32 MA,18 FT,0.21740674603174603
1120,1120,8102,S4,S4_1,8300,DEPOT,S4,S4_2,DEPOT,32 MA,18 FT,0.10383333333333333
1120,1120,8103,S4,S4_1,8300,DEPOT,S4,S4_2,DEPOT,32 MA,18 FT,0.04469444444444444
1120,1120,8104,S4,S4_1,8300,DEPOT,S4,S4_2,DEPOT,32 MA,18 FT,0.13849503968253968
1120,1120,8105,S4,S4_1,8300,DEPOT,S4,S4_2,DEPOT,32 MA,18 FT,0.018
1120,1120,8106,S4,S4_1,8300,DEPOT,S4,S4_2,DEPOT,32 MA,18 FT,0.08716666666666667
1120,1120,8107,S4,S4_1,8300,DEPOT,S4,S4_2,DEPOT,32 MA,18 FT,0.16051190476190477
1120,1120,8150,S9,S9_2,8150,DEPOT,S9,S9_2,DEPOT,32 MA,32 MA,0.19017651888341547
1120,1120,8151,S4,S4,8150,DEPOT,S9,S9_2,DEPOT,32 MA,18 FT,0.05125396825396827
1120,1120,8153,S4,S4,8150,DEPOT,S9,S9_2,DEPOT,32 MA,18 FT,0.2807579365079366
1120,1120,8155,S4,S4,8150,DEPOT,S9,S9_2,DEPOT,32 MA,18 FT,0.18283730158730138
1120,1120,8251,S4,S4,8150,DEPOT,S9,S9_2,DEPOT,32 MA,18 FT,0.3572222222222222
1120,1120,8252,S4,S4,8150,DEPOT,S9,S9_2,DEPOT,32 MA,18 FT,0.12690476190476185
1120,1120,8253,S4,S4,8300,DEPOT,S4,S4_2,DEPOT,32 MA,18 FT,0.1485119047619048
1120,1120,8254,S9,S9_2,8150,DEPOT,S9,S9_2,DEPOT,32 MA,18 FT,0.264
1120,1120,8255,S4,S4,8150,DEPOT,S9,S9_2,DEPOT,32 MA,18 FT,0.2613904761904762
1120,1120,8256,S4,S4,8300,DEPOT,S4,S4_2,DEPOT,32 MA,18 FT,0.19732936507936505
1120,1120,8257,S9,S9_2,8150,DEPOT,S9,S9_2,DEPOT,32 MA,18 FT,0.14642857142857144
1120,1120,8258,S4,S4,8300,DEPOT,S4,S4_2,DEPOT,32 MA,18 FT,0.30183333333333334
1120,1120,8261,S4,S4,8150,DEPOT,S9,S9_2,DEPOT,32 MA,18 FT,0.001277777777777711
1120,1120,8300,S4,S4_2,8300,DEPOT,S4,S4_2,DEPOT,32 MA,32 MA,0.4080952380952376
1120,1120,8301,S4,S4_1,8300,DEPOT,S4,S4_2,DEPOT,32 MA,18 FT,0.13747916666666665
1120,1120,8302,S4,S4_1,8300,DEPOT,S4,S4_2,DEPOT,32 MA,18 FT,0.03729166666666667
1120,1120,8303,S4,S4_1,8300,DEPOT,S4,S4_2,DEPOT,32 MA,18 FT,0.30850099206349224
1120,1120,8304,S4,S4_1,8300,DEPOT,S4,S4_2,DEPOT,32 MA,18 FT,0.15438194444444447
1120,1120,8306,S4,S4_1,8300,DEPOT,S4,S4_2,DEPOT,32 MA,18 FT,0.3416736111111111
1120,1120,8311,S4,S4_1,8300,DEPOT,S4,S4_2,DEPOT,32 MA,18 FT,0.33030952380952383
1120,1120,8312,S4,S4_1,8300,DEPOT,S4,S4_2,DEPOT,32 MA,18 FT,0.16820138888888891
1120,1120,8313,S4,S4_1,8300,DEPOT,S4,S4_2,DEPOT,32 MA,18 FT,0.17927678571428585
1120,1120,8315,S4,S4_1,8300,DEPOT,S4,S4_2,DEPOT,32 MA,18 FT,0.3136666666666667
1120,1120,8351,S4,S4_2,8300,DEPOT,S4,S4_2,DEPOT,32 MA,18 FT,0.21258234126984132
1120,1120,8352,S4,S4_1,8300,DEPOT,S4,S4_2,DEPOT,32 MA,18 FT,0.1139255952380952
1120,1120,8353,S4,S4_1,8300,DEPOT,S4,S4_2,DEPOT,32 MA,18 FT,0.06259821428571422
1120,1120,8354,S4,S4_1,8300,DEPOT,S4,S4_2,DEPOT,32 MA,18 FT,0.3196001984126986
1120,1120,8355,S4,S4_1,8300,DEPOT,S4,S4_2,DEPOT,32 MA,18 FT,0.11812500000000001
1120,1120,8356,S4,S4_1,8300,DEPOT,S4,S4_2,DEPOT,32 MA,18 FT,0.03065972222222222
1130,1130,5001,N8,N8,5050,DEPOT,N8,N8,DEPOT,32 MA,32 MA,0.6066666666666667
1130,1130,5002,N8,N8,5050,DEPOT,N8,N8,DEPOT,32 MA,32 MA,0.12721850613154984
1130,1130,5004,N8,N8,5050,DEPOT,N8,N8,DEPOT,32 MA,32 MA,0.3182608695652174
1130,1130,5006,N8,N8,5050,DEPOT,N8,N8,DEPOT,32 MA,32 MA,0.10434782608695652
1130,1130,5040,N9,N9,5040,DEPOT,N9,N9,DEPOT,32 MA,32 MA,0.5267164357381748
1130,1130,5050,N8,N8,5050,DEPOT,N8,N8,DEPOT,32 MA,32 MA,0.683613951266125
1130,1130,5051,N9,N9,5050,DEPOT,N8,N8,DEPOT,32 MA,32 MA,0.6483556298773689
1130,1130,5052,N8,N8,5040,DEPOT,N9,N9,DEPOT,32 MA,32 MA,0.7146350931677024
1130,1130,5053,N8,N8,5040,DEPOT,N9,N9,DEPOT,32 MA,32 MA,0.5214792960662527
1130,1130,5055,N8,N8,5050,DEPOT,N8,N8,DEPOT,32 MA,32 MA,0.7076159420289854
1130,1130,5061,N8,N8,5040,DEPOT,N9,N9,DEPOT,32 MA,32 MA,0.48788302277432694
1130,1130,5071,N8,N8,5050,DEPOT,N8,N8,DEPOT,32 MA,32 MA,0.28521739130434787
1130,1130,5101,N9,N9,5120,DEPOT,N9,N9,DEPOT,32 MA,24 FT,0.19086260869565244
1130,1130,5102,N9,N9,5120,DEPOT,N9,N9,DEPOT,32 MA,32 MA,0.5713043478260871
1130,1130,5103,N9,N9,5120,DEPOT,N9,N9,DEPOT,32 MA,32 MA,0.5846309523809525
1130,1130,5104,N9,N9,5120,DEPOT,N9,N9,DEPOT,32 MA,24 FT,0.08411911705685572
1130,1130,5105,N9,N9,5120,DEPOT,N9,N9,DEPOT,32 MA,24 FT,0.16689726633165852
1130,1130,5107,N9,N9,5050,DEPOT,N8,N8,DEPOT,32 MA,32 MA,0.5095652173913043
1130,1130,5108,N9,N9,5120,DEPOT,N9,N9,DEPOT,32 MA,24 FT,0.11066086956521737
1130,1130,5111,N9,N9,5120,DEPOT,N9,N9,DEPOT,32 MA,24 FT,0.030678260869565266
1130,1130,5114,N9,N9,5120,DEPOT,N9,N9,DEPOT,32 MA,32 MA,0.12434782608695638
1130,1130,5115,N8,N8_1,5050,DEPOT,N8,N8,DEPOT,32 MA,32 MA,0.19400879917184266
1130,1130,5116,N9,N9,5120,DEPOT,N9,N9,DEPOT,32 MA,32 MA,0.2790579710144927
1130,1130,5151,N8,N8_1,5050,DEPOT,N8,N8,DEPOT,32 MA,32 MA,0.713840579710145
1130,1130,5152,N8,N8_1,5050,DEPOT,N8,N8,DEPOT,32 MA,32 MA,0.3158918617614268
1130,1130,5153,N8,N8_1,6200,DEPOT,E6,E6,DEPOT,32 MA,32 MA,0.540437370600414
1130,1130,5155,N8,N8_1,6200,DEPOT,E6,E6,DEPOT,32 MA,32 MA,0.08744983277591967
1130,1130,5157,N8,N8_1,6200,DEPOT,E6,E6,DEPOT,32 MA,32 MA,0.3515906195254024
1130,1130,5201,N8,N8_1,5050,DEPOT,N8,N8,DEPOT,32 MA,32 MA,0.05445910973084889
1130,1130,5203,N8,N8_1,5120,DEPOT,N9,N9,DEPOT,32 MA,32 MA,0.06803730689600229
1130,1130,5206,N8,N8_1,5050,DEPOT,N8,N8,DEPOT,32 MA,32 MA,0.44395186335403736
1130,1130,5251,N8,N8,5050,DEPOT,N8,N8,DEPOT,32 MA,32 MA,0.4874560041407865
1130,1130,5252,N8,N8,5040,DEPOT,N9,N9,DEPOT,32 MA,32 MA,0.03003623188405813
1130,1130,5301,N8,N8,5301,DEPOT,N8,N8,DEPOT,32 MA,32 MA,0.46006681000159233
1130,1130,5303,N8,N8,5040,DEPOT,N9,N9,DEPOT,32 MA,18 FT,0.11312111801242236
1130,1130,5307,N8,N8,5040,DEPOT,N9,N9,DEPOT,32 MA,32 MA,0.1766692546583851
1130,1130,5309,N8,N8,5040,DEPOT,N9,N9,DEPOT,32 MA,32 MA,0.7101449275362319
1130,1130,6000,E6,E6,6000,DEPOT,E6,E6,DEPOT,32 MA,32 MA,0.015384615384615385
1130,1130,6001,E6,E6,6000,DEPOT,E6,E6,DEPOT,32 MA,32 MA,0.6757246376811594
1130,1130,6003,E6,E6,6000,DEPOT,E6,E6,DEPOT,32 MA,32 MA,0.32994306418219466
1130,1130,6011,E6,E6,6000,DEPOT,E6,E6,DEPOT,32 MA,32 MA,0.33061594202898553
1130,1130,6012,E6,E6,6000,DEPOT,E6,E6,DEPOT,32 MA,18 FT,0.15869565217391313
1130,1130,6102,E6,E6_1,6000,DEPOT,E6,E6,DEPOT,32 MA,32 MA,0.571088071348941
1130,1130,6200,E6,E6,6200,DEPOT,E6,E6,DEPOT,32 MA,32 MA,0.19873188405797101
1130,1130,6201,E6,E6,6200,DEPOT,E6,E6,DEPOT,32 MA,32 MA,0.2043478260869565
1130,1130,6202,E6,E6,6200,DEPOT,E6,E6,DEPOT,32 MA,32 MA,0.6856754658385094
1130,1130,6203,E6,E6,6200,DEPOT,E6,E6,DEPOT,32 MA,32 MA,0.3638069358178054
1130,1130,6204,E6,E6,6200,DEPOT,E6,E6,DEPOT,32 MA,32 MA,0.12445652173913047
1130,1130,6206,E6,E6,6200,DEPOT,E6,E6,DEPOT,32 MA,32 MA,0.2762163561076605
1130,1130,6207,E6,E6,6200,DEPOT,E6,E6,DEPOT,32 MA,32 MA,0.49818840579710144
1130,1130,7000,W6,W6,7000,DEPOT,W6,W6,DEPOT,32 MA,32 MA,0.5926481127568084
1130,1130,7001,W6,W6,7000,DEPOT,W6,W6,DEPOT,32 MA,32 MA,0.3393581780538302
1130,1130,7002,W6,W6,7000,DEPOT,W6,W6,DEPOT,32 MA,32 MA,0.2572392100652974
1130,1130,7003,W6,W6,7000,DEPOT,W6,W6,DEPOT,32 MA,32 MA,0.5453297803718389
1130,1130,7004,W6,W6,7000,DEPOT,W6,W6,DEPOT,32 MA,32 MA,0.6678260869565218
1130,1130,7051,W6,W6,7000,DEPOT,W6,W6,DEPOT,32 MA,32 MA,0.24440376652333162
1130,1130,7052,W6,W6,7000,DEPOT,W6,W6,DEPOT,32 MA,32 MA,0.04952898550724649
1130,1130,7053,W6,W6,7000,DEPOT,W6,W6,DEPOT,32 MA,32 MA,0.16347826086956507
1130,1130,7102,W6,W6,7102,DEPOT,W6,W6,DEPOT,32 MA,32 MA,0.6962273053033918
1130,1130,7103,W6,W6,7150,DEPOT,W6,W6,DEPOT,32 MA,32 MA,0.39303213091256506
1130,1130,7104,S9,S9_3,7150,DEPOT,W6,W6,DEPOT,32 MA,18 FT,0.017391304347825987
1130,1130,7105,W6,W6,8150,DEPOT,S5,S5,DEPOT,32 MA,32 MA,0.3484083850931676
1130,1130,7150,W6,W6,7150,DEPOT,W6,W6,DEPOT,32 MA,32 MA,0.7286817168338908
1130,1130,7151,W6,W6,7150,DEPOT,W6,W6,DEPOT,32 MA,32 MA,0.31048137066123793
1130,1130,7153,W6,W6,7150,DEPOT,W6,W6,DEPOT,32 MA,32 MA,0.09334109730848805
1130,1130,7155,W6,W6,7150,DEPOT,W6,W6,DEPOT,32 MA,32 MA,0.13051242236024851
1130,1130,7161,W6,W6,7250,DEPOT,W6,W6,DEPOT,32 MA,32 MA,0.10170289855072445
1130,1130,7252,W6,W6,7250,DEPOT,W6,W6,DEPOT,32 MA,32 MA,0.11321177735308185
1130,1130,7253,W6,W6,5050,DEPOT,N8,N8,DEPOT,32 MA,32 MA,0.27185041407867505
1130,1130,7302,W6,W6,7302,DEPOT,W6,W6,DEPOT,32 MA,32 MA,0.7140393692980798
1130,1130,8001,S5,S5_1,8010,DEPOT,S5,S5_1,DEPOT,32 MA,18 FT,0.3029498327759197
1130,1130,8004,S9,S9_3,8010,DEPOT,S5,S5_1,DEPOT,32 MA,18 FT,0.20874072304507107
1130,1130,8005,S5,S5_1,8010,DEPOT,S5,S5_1,DEPOT,32 MA,18 FT,0.3026020066889632
1130,1130,8006,S5,S5_1,8010,DEPOT,S5,S5_1,DEPOT,32 MA,18 FT,0.3486962095875141
1130,1130,8010,S5,S5_1,8010,DEPOT,S5,S5_1,DEPOT,32 MA,32 MA,0.47287736900780364
1130,1130,8054,S9,S9_3,8010,DEPOT,S5,S5_1,DEPOT,32 MA,18 FT,0.30147981366459664
1130,1130,8055,S5,S5_1,8150,DEPOT,S5,S5,DEPOT,32 MA,18 FT,0.2516666666666665
1130,1130,8102,S5,S5_2,8300,DEPOT,S9,S9_3,DEPOT,32 MA,18 FT,0.04065217391304354
1130,1130,8104,S5,S5_2,8300,DEPOT,S9,S9_3,DEPOT,32 MA,18 FT,0.04534782608695653
1130,1130,8105,S5,S5_2,8300,DEPOT,S9,S9_3,DEPOT,32 MA,18 FT,0.21739130434782616
1130,1130,8106,S5,S5_2,8300,DEPOT,S9,S9_3,DEPOT,32 MA,18 FT,0.21313043478260885
1130,1130,8107,S5,S5_2,8300,DEPOT,S9,S9_3,DEPOT,32 MA,18 FT,0.13721739130434774
1130,1130,8150,S5,S5,8150,DEPOT,S5,S5,DEPOT,32 MA,32 MA,0.2687625418060201
1130,1130,8151,S5,S5,8150,DEPOT,S5,S5,DEPOT,32 MA,18 FT,0.3540144927536232
1130,1130,8153,S5,S5,8150,DEPOT,S5,S5,DEPOT,32 MA,18 FT,0.04621125975473794
1130,1130,8156,S5,S5,8150,DEPOT,S5,S5,DEPOT,32 MA,18 FT,0.01978985507246378
1130,1130,8251,S5,S5,8150,DEPOT,S5,S5,DEPOT,32 MA,18 FT,0.2958333333333334
1130,1130,8252,S5,S5,8150,DEPOT,S5,S5,DEPOT,32 MA,18 FT,0.33434782608695657
1130,1130,8253,S5,S5,8300,DEPOT,S9,S9_3,DEPOT,32 MA,18 FT,0.1068840579710145
1130,1130,8254,S5,S5,8150,DEPOT,S5,S5,DEPOT,32 MA,18 FT,0.1151547619047619
1130,1130,8256,S5,S5,8300,DEPOT,S9,S9_3,DEPOT,32 MA,18 FT,0.021739130434782608
1130,1130,8257,S5,S5,8150,DEPOT,S5,S5,DEPOT,32 MA,18 FT,0.24376811594202896
1130,1130,8258,S5,S5,8300,DEPOT,S9,S9_3,DEPOT,32 MA,18 FT,0.275
1130,1130,8261,S5,S5,8150,DEPOT,S5,S5,DEPOT,32 MA,18 FT,0.128630580438424
1130,1130,8300,S9,S9_3,8300,DEPOT,S9,S9_3,DEPOT,32 MA,32 MA,0.6841973244147157
1130,1130,8302,S5,S5_1,8300,DEPOT,S9,S9_3,DEPOT,32 MA,18 FT,0.2362179487179487
1130,1130,8303,S5,S5_1,8300,DEPOT,S9,S9_3,DEPOT,32 MA,18 FT,0.11961352657004842
1130,1130,8304,S5,S5_1,8300,DEPOT,S9,S9_3,DEPOT,32 MA,18 FT,0.05108695652173911
1130,1130,8305,S5,S5_1,8300,DEPOT,S9,S9_3,DEPOT,32 MA,18 FT,0.02608695652173898
1130,1130,8311,S5,S5_1,8300,DEPOT,S9,S9_3,DEPOT,32 MA,18 FT,0.09130434782608687
1130,1130,8313,S5,S5_1,8300,DEPOT,S9,S9_3,DEPOT,32 MA,18 FT,0.06648550724637681
1130,1130,8315,S5,S5_1,8300,DEPOT,S9,S9_3,DEPOT,32 MA,18 FT,0.21739130434782608
1130,1130,8351,S5,S5_1,8300,DEPOT,S9,S9_3,DEPOT,32 MA,18 FT,0.06524154589371967
1130,1130,8352,S5,S5_1,8300,DEPOT,S9,S9_3,DEPOT,32 MA,18 FT,0.2619565217391304
1130,1130,8353,S5,S5_1,8300,DEPOT,S9,S9_3,DEPOT,32 MA,18 FT,0.20869565217391306
1130,1130,8354,S5,S5_1,8300,DEPOT,S9,S9_3,DEPOT,32 MA,18 FT,0.12409420289855078
1130,1130,8355,S5,S5_1,8300,DEPOT,S9,S9_3,DEPOT,32 MA,18 FT,0.2608695652173913
1130,1130,8356,S5,S5_1,8300,DEPOT,S9,S9_3,DEPOT,32 MA,18 FT,0.0684782608695651
1140,1140,5001,N1,N1,5050,DEPOT,N2,N2,DEPOT,32 MA,32 MA,0.5990854833344502
1140,1140,5002,N1,N1,5050,DEPOT,N2,N2,DEPOT,32 MA,32 MA,0.39356712098975494
1140,1140,5004,N1,N1,5050,DEPOT,N2,N2,DEPOT,32 MA,32 MA,0.6988178012272394
1140,1140,5006,N1,N1,5050,DEPOT,N2,N2,DEPOT,32 MA,32 MA,0.4681230159273001
1140,1140,5050,N2,N2,5050,DEPOT,N2,N2,DEPOT,32 MA,32 MA,0.652431495929019
1140,1140,5051,N3,N3,5050,DEPOT,N2,N2,DEPOT,32 MA,32 MA,0.695593121412532
1140,1140,5052,N2,N2,5040,DEPOT,N3,N3,DEPOT,32 MA,32 MA,0.2929365791055844
1140,1140,5053,N2,N2,5040,DEPOT,N3,N3,DEPOT,32 MA,32 MA,0.004996823406431039
1140,1140,5054,N1,N1,5050,DEPOT,N2,N2,DEPOT,32 MA,32 MA,0.5948697306041829
1140,1140,5055,N2,N2,5050,DEPOT,N2,N2,DEPOT,32 MA,32 MA,0.7027686145921105
1140,1140,5061,N2,N2,5040,DEPOT,N3,N3,DEPOT,32 MA,32 MA,0.25182310523297524
1140,1140,5071,N1,N1,5050,DEPOT,N2,N2,DEPOT,32 MA,32 MA,0.6486094852248951
1140,1140,5102,N3,N3,5120,DEPOT,N3,N3,DEPOT,32 MA,32 MA,0.1582680982069713
1140,1140,5105,N3,N3,5120,DEPOT,N3,N3,DEPOT,32 MA,32 MA,0.3744563325492655
1140,1140,5107,N3,N3,5050,DEPOT,N2,N2,DEPOT,32 MA,32 MA,0.14989992919847134
1140,1140,5108,N3,N3,5120,DEPOT,N3,N3,DEPOT,32 MA,32 MA,0.20373242657837107
1140,1140,5109,N3,N3,5120,DEPOT,N3,N3,DEPOT,32 MA,32 MA,0.48537068030586805
1140,1140,5111,N3,N3,5120,DEPOT,N3,N3,DEPOT,32 MA,32 MA,0.47226219932708324
1140,1140,5112,N3,N3,5120,DEPOT,N3,N3,DEPOT,32 MA,32 MA,0.5095447106786988
1140,1140,5114,N3,N3,5120,DEPOT,N3,N3,DEPOT,32 MA,32 MA,0.4016374656376726
1140,1140,5115,N1,N1_1,5050,DEPOT,N2,N2,DEPOT,32 MA,32 MA,0.3299750386391619
1140,1140,5116,N3,N3,5120,DEPOT,N3,N3,DEPOT,32 MA,32 MA,0.5813091760091201
1140,1140,5120,N3,N3,5120,DEPOT,N3,N3,DEPOT,32 MA,32 MA,0.19266326773928455
1140,1140,5151,N1,N1_1,5050,DEPOT,N2,N2,DEPOT,32 MA,32 MA,0.7091266867296024
1140,1140,5153,N1,N1_1,6200,DEPOT,E1,E1,DEPOT,32 MA,32 MA,0.41067825846792066
1140,1140,5155,N1,N1_1,6200,DEPOT,E1,E1,DEPOT,32 MA,32 MA,0.5090026753588439
1140,1140,5157,N1,N1_1,6200,DEPOT,E1,E1,DEPOT,32 MA,32 MA,0.2798821958849592
1140,1140,5201,N1,N1_1,5050,DEPOT,N2,N2,DEPOT,32 MA,32 MA,0.6664082664463569
1140,1140,5202,N1,N1_1,5050,DEPOT,N2,N2,DEPOT,32 MA,32 MA,0.3781044163525765
1140,1140,5206,N1,N1_1,5050,DEPOT,N2,N2,DEPOT,32 MA,32 MA,0.2824706610882943
1140,1140,5251,N2,N2,5050,DEPOT,N2,N2,DEPOT,32 MA,32 MA,0.5650142396595419
1140,1140,5252,N2,N2,5040,DEPOT,N3,N3,DEPOT,32 MA,32 MA,0.3280267659488509
1140,1140,5301,N2,N2,5301,DEPOT,N2,N2,DEPOT,32 MA,32 MA,0.2262785054903158
1140,1140,5305,N2,N2,5040,DEPOT,N3,N3,DEPOT,32 MA,32 MA,0.7458157797281596
1140,1140,5307,N2,N2,5040,DEPOT,N3,N3,DEPOT,32 MA,32 MA,0.48761971205895766
1140,1140,5309,N2,N2,5040,DEPOT,N3,N3,DEPOT,32 MA,32 MA,0.4115256144866856
1140,1140,6000,E2,E2,6000,DEPOT,E2,E2,DEPOT,32 MA,32 MA,0.12452107279693486
1140,1140,6001,E2,E2,6000,DEPOT,E2,E2,DEPOT,32 MA,32 MA,0.6318166758046799
1140,1140,6003,E2,E2,6000,DEPOT,E2,E2,DEPOT,32 MA,32 MA,0.6179897127068443
1140,1140,6011,E2,E2,6000,DEPOT,E2,E2,DEPOT,32 MA,32 MA,0.13376204565074268
1140,1140,6012,E2,E2,6000,DEPOT,E2,E2,DEPOT,32 MA,18 FT,0.09653579876947282
1140,1140,6013,E2,E2,6000,DEPOT,E2,E2,DEPOT,32 MA,32 MA,0.4784899577455721
1140,1140,6053,E2,E2,6053,DEPOT,E2,E2,DEPOT,32 MA,32 MA,0.613497757865888
1140,1140,6102,E2,E2,6000,DEPOT,E2,E2,DEPOT,32 MA,32 MA,0.3999767667100871
1140,1140,6200,E1,E1,6200,DEPOT,E1,E1,DEPOT,32 MA,32 MA,0.6555678721652697
1140,1140,6201,E1,E1,6200,DEPOT,E1,E1,DEPOT,32 MA,32 MA,0.3000550040409091
1140,1140,6203,E1,E1,6200,DEPOT,E1,E1,DEPOT,32 MA,32 MA,0.13966179685004398
1140,1140,6204,E1,E1,6200,DEPOT,E1,E1,DEPOT,32 MA,32 MA,0.7459134717072511
1140,1140,6205,E1,E1,6200,DEPOT,E1,E1,DEPOT,32 MA,32 MA,0.326092804708477
1140,1140,6207,E1,E1,6200,DEPOT,E1,E1,DEPOT,32 MA,32 MA,0.6321882874345744
1140,1140,7000,W1,W1,7000,DEPOT,W1,W1,DEPOT,32 MA,32 MA,0.2249859262829946
1140,1140,7002,W1,W1,7000,DEPOT,W1,W1,DEPOT,32 MA,32 MA,0.5838181925274573
1140,1140,7004,W1,W1,7000,DEPOT,W1,W1,DEPOT,32 MA,32 MA,0.382022017496493
1140,1140,7051,W1,W1,7000,DEPOT,W1,W1,DEPOT,32 MA,32 MA,0.1564313199988867
1140,1140,7052,W1,W1,7000,DEPOT,W1,W1,DEPOT,32 MA,32 MA,0.26660648508739637
1140,1140,7053,W1,W1,7000,DEPOT,W1,W1,DEPOT,32 MA,32 MA,0.5718359321834742
1140,1140,7054,W1,W1,7000,DEPOT,W1,W1,DEPOT,32 MA,32 MA,0.5020471493633888
1140,1140,7102,W1,W1,7102,DEPOT,W1,W1,DEPOT,32 MA,32 MA,0.3364474262134518
1140,1140,7103,W1,W1,7150,DEPOT,W1,W1,DEPOT,32 MA,32 MA,0.040711888744145774
1140,1140,7105,W1,W1,8150,DEPOT,S9,S9_4,DEPOT,32 MA,32 MA,0.5050695997990328
1140,1140,7150,W1,W1,7150,DEPOT,W1,W1,DEPOT,32 MA,32 MA,0.6867554623827044
1140,1140,7152,W1,W1,7152,DEPOT,W1,W1,DEPOT,32 MA,32 MA,0.2617944809880437
1140,1140,7153,W1,W1,7150,DEPOT,W1,W1,DEPOT,32 MA,32 MA,0.6422681327113111
1140,1140,7157,W1,W1,7150,DEPOT,W1,W1,DEPOT,32 MA,32 MA,0.6293145290682514
1140,1140,7161,W1,W1,7250,DEPOT,W2,W2,DEPOT,32 MA,32 MA,0.4490545143800378
1140,1140,7250,W2,W2,7250,DEPOT,W2,W2,DEPOT,32 MA,32 MA,0.1647239330453705
1140,1140,7251,W2,W2,7250,DEPOT,W2,W2,DEPOT,32 MA,32 MA,0.04536270346098359
1140,1140,7252,W2,W2,7250,DEPOT,W2,W2,DEPOT,32 MA,32 MA,0.5407039751172924
1140,1140,7253,W2,W2,5050,DEPOT,N2,N2,DEPOT,32 MA,32 MA,0.6127233483541954
1140,1140,7301,W2,W2,7250,DEPOT,W2,W2,DEPOT,32 MA,32 MA,0.46798358851718164
1140,1140,7302,W2,W2,7302,DEPOT,W2,W2,DEPOT,32 MA,32 MA,0.6347660822750977
1140,1140,7304,W2,W2,7250,DEPOT,W2,W2,DEPOT,32 MA,32 MA,0.21460902099698131
1140,1140,8001,S2,S2,8010,DEPOT,S2,S2,DEPOT,32 MA,18 FT,0.21114729322609738
1140,1140,8002,S2,S2,8010,DEPOT,S2,S2,DEPOT,32 MA,18 FT,0.06175180164038896
1140,1140,8003,S9,S9_4,8010,DEPOT,S2,S2,DEPOT,32 MA,18 FT,0.14821817893050548
1140,1140,8004,S2,S2,8010,DEPOT,S2,S2,DEPOT,32 MA,18 FT,0.06948379386314207
1140,1140,8006,S2,S2,8010,DEPOT,S2,S2,DEPOT,32 MA,18 FT,0.26280408305462644
1140,1140,8010,S2,S2,8010,DEPOT,S2,S2,DEPOT,32 MA,32 MA,0.11696882465360758
1140,1140,8053,S2,S2,8150,DEPOT,S9,S9_4,DEPOT,32 MA,18 FT,0.33356052582683016
1140,1140,8054,S2,S2,8010,DEPOT,S2,S2,DEPOT,32 MA,18 FT,0.09174018354833535
1140,1140,8055,S2,S2,8150,DEPOT,S9,S9_4,DEPOT,32 MA,18 FT,0.1168977265488137
1140,1140,8102,S2,S2,8300,DEPOT,S1,S1_1,DEPOT,32 MA,18 FT,0.01624313584965731
1140,1140,8103,S2,S2,8300,DEPOT,S1,S1_1,DEPOT,32 MA,18 FT,0.28360775999362975
1140,1140,8105,S2,S2,8300,DEPOT,S1,S1_1,DEPOT,32 MA,18 FT,0.2598911610129002
1140,1140,8106,S2,S2,8300,DEPOT,S1,S1_1,DEPOT,32 MA,18 FT,0.3678492594362158
1140,1140,8107,S2,S2,8300,DEPOT,S1,S1_1,DEPOT,32 MA,18 FT,0.2885439042841217
1140,1140,8150,S9,S9_4,8150,DEPOT,S9,S9_4,DEPOT,32 MA,32 MA,0.2682402155944789
1140,1140,8151,S3,S3,8150,DEPOT,S9,S9_4,DEPOT,32 MA,18 FT,0.028691603717951097
1140,1140,8153,S3,S3,8150,DEPOT,S9,S9_4,DEPOT,32 MA,18 FT,0.03684259885373642
1140,1140,8155,S3,S3,8150,DEPOT,S9,S9_4,DEPOT,32 MA,18 FT,0.13703379047902242
1140,1140,8251,S3,S3,8150,DEPOT,S9,S9_4,DEPOT,32 MA,18 FT,0.08607862640697284
1140,1140,8253,S3,S3,8300,DEPOT,S1,S1_1,DEPOT,32 MA,18 FT,0.3290626109700362
1140,1140,8254,S3,S3,8150,DEPOT,S9,S9_4,DEPOT,32 MA,18 FT,0.1791613438172276
1140,1140,8255,S9,S9_4,8150,DEPOT,S9,S9_4,DEPOT,32 MA,18 FT,0.20030645310480621
1140,1140,8256,S3,S3,8300,DEPOT,S1,S1_1,DEPOT,32 MA,18 FT,0.3535538494241046
1140,1140,8257,S3,S3,8150,DEPOT,S9,S9_4,DEPOT,32 MA,18 FT,0.32445107004412704
1140,1140,8258,S3,S3,8300,DEPOT,S1,S1_1,DEPOT,32 MA,18 FT,0.12073206098287803
1140,1140,8261,S3,S3,8150,DEPOT,S9,S9_4,DEPOT,32 MA,18 FT,0.10267181055840702
1140,1140,8300,S1,S1_1,8300,DEPOT,S1,S1_1,DEPOT,32 MA,32 MA,0.156815655359134
1140,1140,8301,S1,S1_1,8300,DEPOT,S1,S1_1,DEPOT,32 MA,18 FT,0.1794212195413285
1140,1140,8302,S1,S1_1,8300,DEPOT,S1,S1_1,DEPOT,32 MA,18 FT,0.2360894542655415
1140,1140,8303,S1,S1,8300,DEPOT,S1,S1_1,DEPOT,32 MA,18 FT,0.13756541147057788
1140,1140,8304,S1,S1,8300,DEPOT,S1,S1_1,DEPOT,32 MA,18 FT,0.3298528638998477
1140,1140,8305,S1,S1,8300,DEPOT,S1,S1_1,DEPOT,32 MA,18 FT,0.042953006751255796
1140,1140,8306,S1,S1,8300,DEPOT,S1,S1_1,DEPOT,32 MA,18 FT,0.34723515218402795
1140,1140,8312,S1,S1_1,8300,DEPOT,S1,S1_1,DEPOT,32 MA,18 FT,0.15372547380156076
1140,1140,8313,S1,S1,8300,DEPOT,S1,S1_1,DEPOT,32 MA,18 FT,0.16926701555161738
1140,1140,8315,S1,S1,8300,DEPOT,S1,S1_1,DEPOT,32 MA,18 FT,0.14927104046806713
1140,1140,8352,S1,S1,8300,DEPOT,S1,S1_1,DEPOT,32 MA,18 FT,0.040228182101316845
1140,1140,8354,S1,S1,8300,DEPOT,S1,S1_1,DEPOT,32 MA,18 FT,0.3045890206430748
1140,1140,8355,S1,S1,8300,DEPOT,S1,S1_1,DEPOT,32 MA,18 FT,0.09066293141250248
1150,1150/1180,5001,N4,N4,5050,DEPOT,N5,N5,DEPOT,32 MA,32 MA,0.31792614166931754
1150,1150/1180,5002,N4,N4,5050,DEPOT,N5,N5,DEPOT,32 MA,32 MA,0.32440972729251083
1150,1150/1180,5004,N4,N4,5050,DEPOT,N5,N5,DEPOT,32 MA,32 MA,0.7186950848417706
1150,1150/1180,5006,N4,N4,5050,DEPOT,N5,N5,DEPOT,32 MA,32 MA,0.5627032810759546
1150,1150/1180,5050,N5,N5,5050,DEPOT,N5,N5,DEPOT,32 MA,32 MA,0.322523299401797
1150,1150/1180,5051,N6,N6,5050,DEPOT,N5,N5,DEPOT,32 MA,32 MA,0.4017290887136111
1150,1150/1180,5054,N4,N4,5050,DEPOT,N5,N5,DEPOT,32 MA,32 MA,0.36944568228879926
1150,1150/1180,5055,N5,N5,5050,DEPOT,N5,N5,DEPOT,32 MA,32 MA,0.15557201280373167
1150,1150/1180,5061,N5,N5,5040,DEPOT,N6,N6,DEPOT,32 MA,32 MA,0.07159926553922791
1150,1150/1180,5071,N4,N4,5050,DEPOT,N5,N5,DEPOT,32 MA,32 MA,0.511262533077422
1150,1150/1180,5102,N6,N6,5120,DEPOT,N6,N6,DEPOT,32 MA,32 MA,0.6367377968550746
1150,1150/1180,5103,N6,N6,5120,DEPOT,N6,N6,DEPOT,32 MA,32 MA,0.6727623140449867
1150,1150/1180,5104,N6,N6,5120,DEPOT,N6,N6,DEPOT,32 MA,32 MA,0.5670392655330097
1150,1150/1180,5105,N6,N6,5120,DEPOT,N6,N6,DEPOT,32 MA,32 MA,0.1541964174004324
1150,1150/1180,5107,N6,N6,5050,DEPOT,N5,N5,DEPOT,32 MA,32 MA,0.6576607938778307
1150,1150/1180,5108,N6,N6,5120,DEPOT,N6,N6,DEPOT,32 MA,32 MA,0.20129623205105063
1150,1150/1180,5109,N6,N6,5120,DEPOT,N6,N6,DEPOT,32 MA,32 MA,0.395369109284647
1150,1150/1180,5111,N6,N6,5120,DEPOT,N6,N6,DEPOT,32 MA,32 MA,0.09799754792678433
1150,1150/1180,5112,N6,N6,5120,DEPOT,N6,N6,DEPOT,32 MA,32 MA,0.5603511071796647
1150,1150/1180,5114,N6,N6,5120,DEPOT,N6,N6,DEPOT,32 MA,32 MA,0.2703596473723822
1150,1150/1180,5115,N4,N4_1,5050,DEPOT,N5,N5,DEPOT,32 MA,32 MA,0.3759374093653826
1150,1150/1180,5116,N6,N6,5120,DEPOT,N6,N6,DEPOT,32 MA,32 MA,0.3770480637477356
1150,1150/1180,5151,N4,N4_1,5050,DEPOT,N5,N5,DEPOT,32 MA,32 MA,0.43519911953091617
1150,1150/1180,5152,N4,N4_1,5050,DEPOT,N5,N5,DEPOT,32 MA,32 MA,0.6989962147589495
1150,1150/1180,5153,N4,N4_1,6200,DEPOT,E3,E3,DEPOT,32 MA,32 MA,0.7056887069609907
1150,1150/1180,5156,W4,W4,5050,DEPOT,N5,N5,DEPOT,32 MA,32 MA,0.12141062130631397
1150,1150/1180,5157,N4,N4_1,6200,DEPOT,E3,E3,DEPOT,32 MA,32 MA,0.5420260607385684
1150,1150/1180,5201,N4,N4_1,5050,DEPOT,N5,N5,DEPOT,32 MA,32 MA,0.1906959829159236
1150,1150/1180,5203,N4,N4_1,5120,DEPOT,N6,N6,DEPOT,32 MA,32 MA,0.00516118299713586
1150,1150/1180,5206,N4,N4_1,5050,DEPOT,N5,N5,DEPOT,32 MA,32 MA,0.04320029850986917
1150,1150/1180,5251,N5,N5,5050,DEPOT,N5,N5,DEPOT,32 MA,32 MA,0.625660623718626
1150,1150/1180,5252,N5,N5,5040,DEPOT,N6,N6,DEPOT,32 MA,32 MA,0.551055603784134
1150,1150/1180,5301,N5,N5,5301,DEPOT,N5,N5,DEPOT,32 MA,32 MA,0.5272249374096707
1150,1150/1180,5303,N5,N5,5040,DEPOT,N6,N6,DEPOT,32 MA,18 FT,0.09052495146194328
1150,1150/1180,5305,N5,N5,5040,DEPOT,N6,N6,DEPOT,32 MA,32 MA,0.32098013714354234
1150,1150/1180,5306,N5,N5,5040,DEPOT,N6,N6,DEPOT,32 MA,32 MA,0.39154354040818173
1150,1150/1180,5307,N5,N5,5040,DEPOT,N6,N6,DEPOT,32 MA,32 MA,0.5229800196857148
1150,1150/1180,5309,N5,N5,5040,DEPOT,N6,N6,DEPOT,32 MA,32 MA,0.23451001610347852
1150,1150/1180,6000,E4,E4,6000,DEPOT,E4,E4,DEPOT,32 MA,32 MA,0.5644436128423556
1150,1150/1180,6003,E4,E4,6000,DEPOT,E4,E4,DEPOT,32 MA,32 MA,0.10767878819847576
1150,1150/1180,6004,E4,E4,6000,DEPOT,E4,E4,DEPOT,32 MA,32 MA,0.3805140419641
1150,1150/1180,6011,E4,E4,6000,DEPOT,E4,E4,DEPOT,32 MA,32 MA,0.24798952780976347
1150,1150/1180,6013,E4,E4,6000,DEPOT,E4,E4,DEPOT,32 MA,32 MA,0.2311203789030425
1150,1150/1180,6053,E4,E4,6053,DEPOT,E4,E4,DEPOT,32 MA,32 MA,0.14703195820179005
1150,1150/1180,6102,E4,E4,6000,DEPOT,E4,E4,DEPOT,32 MA,32 MA,0.08584008487293726
1150,1150/1180,6200,E3,E3,6200,DEPOT,E3,E3,DEPOT,32 MA,32 MA,0.050839249376890105
1150,1150/1180,6201,E3,E3,6200,DEPOT,E3,E3,DEPOT,32 MA,32 MA,0.2482644366539084
1150,1150/1180,6202,E3,E3,6200,DEPOT,E3,E3,DEPOT,32 MA,32 MA,0.65737725509514
1150,1150/1180,6203,E3,E3,6200,DEPOT,E3,E3,DEPOT,32 MA,32 MA,0.036393974424979714
1150,1150/1180,6204,E3,E3,6200,DEPOT,E3,E3,DEPOT,32 MA,32 MA,0.2171801278188754
1150,1150/1180,6207,E3,E3,6200,DEPOT,E3,E3,DEPOT,32 MA,32 MA,0.7083583468945394
1150,1150/1180,7000,W3,W3_1,7000,DEPOT,W3,W3_1,DEPOT,32 MA,32 MA,0.07669218761908692
1150,1150/1180,7001,W3,W3_1,7000,DEPOT,W3,W3_1,DEPOT,32 MA,32 MA,0.27941027485768677
1150,1150/1180,7002,W3,W3_1,7000,DEPOT,W3,W3_1,DEPOT,32 MA,32 MA,0.2688324136429392
1150,1150/1180,7003,W3,W3_1,7000,DEPOT,W3,W3_1,DEPOT,32 MA,32 MA,0.13281375203009294
1150,1150/1180,7004,W3,W3_1,7000,DEPOT,W3,W3_1,DEPOT,32 MA,32 MA,0.0013883319017535811
1150,1150/1180,7051,W3,W3_1,7000,DEPOT,W3,W3_1,DEPOT,32 MA,32 MA,0.4941449455525708
1150,1150/1180,7053,W3,W3_1,7000,DEPOT,W3,W3_1,DEPOT,32 MA,32 MA,0.5325484517454184
1150,1150/1180,7054,W3,W3_1,7000,DEPOT,W3,W3_1,DEPOT,32 MA,32 MA,0.5595113761697363
1150,1150/1180,7103,W3,W3_2,7150,DEPOT,W3,W3,DEPOT,32 MA,32 MA,0.36502324817387555
1150,1150/1180,7104,W3,W3,7150,DEPOT,W3,W3,DEPOT,32 MA,18 FT,0.1737893348235301
1150,1150/1180,7105,W3,W3_2,8150,DEPOT,S9,S9_5,DEPOT,32 MA,32 MA,0.43539702621867615
1150,1150/1180,7152,W3,W3,7152,DEPOT,W3,W3,DEPOT,32 MA,32 MA,0.6707424549082788
1150,1150/1180,7153,W3,W3,7150,DEPOT,W3,W3,DEPOT,32 MA,32 MA,0.039970485603030514
1150,1150/1180,7154,W3,W3,7150,DEPOT,W3,W3,DEPOT,32 MA,32 MA,0.43153209469806875
1150,1150/1180,7155,W3,W3,7150,DEPOT,W3,W3,DEPOT,32 MA,32 MA,0.5693247362539238
1150,1150/1180,7157,W3,W3_2,7150,DEPOT,W3,W3,DEPOT,32 MA,32 MA,0.03810924382701231
1150,1150/1180,7161,W3,W3,7250,DEPOT,W4,W4,DEPOT,32 MA,32 MA,0.5320901069825952
1150,1150/1180,7250,W4,W4,7250,DEPOT,W4,W4,DEPOT,32 MA,32 MA,0.4358127567043204
1150,1150/1180,7251,W4,W4,7250,DEPOT,W4,W4,DEPOT,32 MA,32 MA,0.391272255138591
1150,1150/1180,7252,W4,W4,7250,DEPOT,W4,W4,DEPOT,32 MA,32 MA,0.7465777093686925
1150,1150/1180,7301,W4,W4,7250,DEPOT,W4,W4,DEPOT,32 MA,32 MA,0.5529664737347089
1150,1150/1180,7304,W4,W4,7250,DEPOT,W4,W4,DEPOT,32 MA,32 MA,0.48700108626318883
1150,1150/1180,8001,S7,S7,8010,DEPOT,S7,S7,DEPOT,32 MA,18 FT,0.1265476652069581
1150,1150/1180,8002,S7,S7,8010,DEPOT,S7,S7,DEPOT,32 MA,18 FT,0.31540831123170865
1150,1150/1180,8004,S7,S7,8010,DEPOT,S7,S7,DEPOT,32 MA,18 FT,0.02163275996111591
1150,1150/1180,8006,S7,S7,8010,DEPOT,S7,S7,DEPOT,32 MA,18 FT,0.24548897246196863
1150,1150/1180,8010,S7,S7,8010,DEPOT,S7,S7,DEPOT,32 MA,32 MA,0.14118668216312624
1150,1150/1180,8051,S7,S7,7150,DEPOT,W3,W3,DEPOT,32 MA,18 FT,0.36325056474136375
1150,1150/1180,8052,S7,S7,8010,DEPOT,S7,S7,DEPOT,32 MA,18 FT,0.34340483374691433
1150,1150/1180,8053,S7,S7,8150,DEPOT,S9,S9_5,DEPOT,32 MA,18 FT,0.17808296854602698
1150,1150/1180,8054,S7,S7,8010,DEPOT,S7,S7,DEPOT,32 MA,18 FT,0.11594781748082628
1150,1150/1180,8102,S7,S7_1,8300,DEPOT,S9,S9_5,DEPOT,32 MA,18 FT,0.002183477633477482
1150,1150/1180,8103,S7,S7_1,8300,DEPOT,S9,S9_5,DEPOT,32 MA,18 FT,0.10692350889850888
1150,1150/1180,8105,S7,S7_1,8300,DEPOT,S9,S9_5,DEPOT,32 MA,18 FT,0.131127922077922
1150,1150/1180,8106,S7,S7_1,8300,DEPOT,S9,S9_5,DEPOT,32 MA,18 FT,0.3443561688311687
1150,1150/1180,8107,S7,S7_1,8300,DEPOT,S9,S9_5,DEPOT,32 MA,18 FT,0.2131557359307359
1150,1150/1180,8150,S9,S9_5,8150,DEPOT,S9,S9_5,DEPOT,32 MA,32 MA,0.6543121463778654
1150,1150/1180,8151,S9,S9_5,8150,DEPOT,S9,S9_5,DEPOT,32 MA,18 FT,0.1031565048989016
1150,1150/1180,8153,S9,S9_5,8150,DEPOT,S9,S9_5,DEPOT,32 MA,18 FT,0.27635305329488613
1150,1150/1180,8155,S6,S6,8150,DEPOT,S9,S9_5,DEPOT,32 MA,18 FT,0.30823143749471393
1150,1150/1180,8156,S9,S9_5,8150,DEPOT,S9,S9_5,DEPOT,32 MA,18 FT,0.06542432465729275
1150,1150/1180,8251,S6,S6,8150,DEPOT,S9,S9_5,DEPOT,32 MA,18 FT,0.2669560130284453
1150,1150/1180,8252,S6,S6_1,8150,DEPOT,S9,S9_5,DEPOT,32 MA,18 FT,0.331498481832178
1150,1150/1180,8254,S6,S6_1,8150,DEPOT,S9,S9_5,DEPOT,32 MA,18 FT,0.32757203929323575
1150,1150/1180,8255,S6,S6,8150,DEPOT,S9,S9_5,DEPOT,32 MA,18 FT,0.18224878211886986
1150,1150/1180,8256,S6,S6_1,8300,DEPOT,S9,S9_5,DEPOT,32 MA,18 FT,0.26502579039318075
1150,1150/1180,8257,S6,S6,8150,DEPOT,S9,S9_5,DEPOT,32 MA,18 FT,0.23660102916076475
1150,1150/1180,8258,S6,S6_1,8300,DEPOT,S9,S9_5,DEPOT,32 MA,18 FT,0.09246213681648552
1150,1150/1180,8261,S6,S6,8150,DEPOT,S9,S9_5,DEPOT,32 MA,18 FT,0.07832927925368804
1150,1150/1180,8301,S8,S8,8300,DEPOT,S9,S9_5,DEPOT,32 MA,18 FT,0.2068539425883288
1150,1150/1180,8302,S8,S8,8300,DEPOT,S9,S9_5,DEPOT,32 MA,18 FT,0.2679132156309599
1150,1150/1180,8304,S8,S8,8300,DEPOT,S9,S9_5,DEPOT,32 MA,18 FT,0.12227792296875939
1150,1150/1180,8305,S9,S9_5,8300,DEPOT,S9,S9_5,DEPOT,32 MA,18 FT,0.2802797942744515
1150,1150/1180,8306,S8,S8,8300,DEPOT,S9,S9_5,DEPOT,32 MA,18 FT,0.3222440607767744
1150,1150/1180,8311,S8,S8,8300,DEPOT,S9,S9_5,DEPOT,32 MA,18 FT,0.24274816526658982
1150,1150/1180,8312,S8,S8,8300,DEPOT,S9,S9_5,DEPOT,32 MA,18 FT,0.36090180627983764
1150,1150/1180,8315,S8,S8,8300,DEPOT,S9,S9_5,DEPOT,32 MA,18 FT,0.11918594881967688
1150,1150/1180,8351,S8,S8,8300,DEPOT,S9,S9_5,DEPOT,32 MA,18 FT,0.3700943236029872
1150,1150/1180,8352,S8,S8,8300,DEPOT,S9,S9_5,DEPOT,32 MA,18 FT,0.3372576488287246
1150,1150/1180,8354,S8,S8,8300,DEPOT,S9,S9_5,DEPOT,32 MA,18 FT,0.12870319434391453
1150,1150/1180,8355,S8,S8,8300,DEPOT,S9,S9_5,DEPOT,32 MA,18 FT,0.2391014606604861
1150,1150/1180,8356,S8,S8,8300,DEPOT,S9,S9_5,DEPOT,32 MA,18 FT,0.17495751572009077
1160,1160,5001,N1,N1,5050,DEPOT,N2,N2,DEPOT,32 MA,32 MA,0.20112378661344055
1160,1160,5004,N1,N1,5050,DEPOT,N2,N2,DEPOT,32 MA,32 MA,0.6303905182493377
1160,1160,5006,N1,N1,5050,DEPOT,N2,N2,DEPOT,32 MA,32 MA,0.45040115382577994
1160,1160,5040,N3,N3,5040,DEPOT,N3,N3,DEPOT,32 MA,32 MA,0.370154638775071
1160,1160,5050,N2,N2,5050,DEPOT,N2,N2,DEPOT,32 MA,32 MA,0.4141252659921304
1160,1160,5052,N2,N2,5040,DEPOT,N3,N3,DEPOT,32 MA,32 MA,0.674475714515863
1160,1160,5053,N2,N2,5040,DEPOT,N3,N3,DEPOT,32 MA,32 MA,0.7423462999153358
1160,1160,5054,N1,N1,5050,DEPOT,N2,N2,DEPOT,32 MA,32 MA,0.47127944396570814
1160,1160,5055,N2,N2,5050,DEPOT,N2,N2,DEPOT,32 MA,32 MA,0.6613568720687382
1160,1160,5061,N2,N2,5040,DEPOT,N3,N3,DEPOT,32 MA,32 MA,0.503661685695206
1160,1160,5071,N1,N1,5050,DEPOT,N2,N2,DEPOT,32 MA,32 MA,0.37606828387782054
1160,1160,5101,N3,N3,5120,DEPOT,N3,N3,DEPOT,32 MA,32 MA,0.2946302939609237
1160,1160,5102,N3,N3,5120,DEPOT,N3,N3,DEPOT,32 MA,32 MA,0.3371539856138711
1160,1160,5104,N3,N3,5120,DEPOT,N3,N3,DEPOT,32 MA,32 MA,0.5339548445022835
1160,1160,5105,N3,N3,5120,DEPOT,N3,N3,DEPOT,32 MA,32 MA,0.5463804193282296
1160,1160,5107,N3,N3,5050,DEPOT,N2,N2,DEPOT,32 MA,32 MA,0.29858032701301046
1160,1160,5108,N3,N3,5120,DEPOT,N3,N3,DEPOT,32 MA,32 MA,0.4129536668784143
1160,1160,5109,N3,N3,5120,DEPOT,N3,N3,DEPOT,32 MA,32 MA,0.46494516634058497
1160,1160,5111,N3,N3,5120,DEPOT,N3,N3,DEPOT,32 MA,32 MA,0.16976101610666502
1160,1160,5112,N3,N3,5120,DEPOT,N3,N3,DEPOT,32 MA,32 MA,0.24729846536581568
1160,1160,5114,N3,N3,5120,DEPOT,N3,N3,DEPOT,32 MA,32 MA,0.6205256054216002
1160,1160,5115,N1,N1_1,5050,DEPOT,N2,N2,DEPOT,32 MA,32 MA,0.3178207050000854
1160,1160,5116,N3,N3,5120,DEPOT,N3,N3,DEPOT,32 MA,32 MA,0.3001165855712921
1160,1160,5120,N3,N3,5120,DEPOT,N3,N3,DEPOT,32 MA,32 MA,0.1548217306267742
1160,1160,5151,N1,N1_1,5050,DEPOT,N2,N2,DEPOT,32 MA,32 MA,0.6529948780996017
1160,1160,5153,N1,N1_1,6200,DEPOT,E1,E1,DEPOT,32 MA,32 MA,0.4117147064990453
1160,1160,5157,N1,N1_1,6200,DEPOT,E1,E1,DEPOT,32 MA,32 MA,0.3421967929706952
1160,1160,5201,N1,N1_1,5050,DEPOT,N2,N2,DEPOT,32 MA,32 MA,0.5890147578783091
1160,1160,5202,N1,N1_1,5050,DEPOT,N2,N2,DEPOT,32 MA,32 MA,0.14885914120986946
1160,1160,5206,N1,N1_1,5050,DEPOT,N2,N2,DEPOT,32 MA,32 MA,0.5599498074273265
1160,1160,5251,N2,N2,5050,DEPOT,N2,N2,DEPOT,32 MA,32 MA,0.49055005926789774
1160,1160,5252,N2,N2,5040,DEPOT,N3,N3,DEPOT,32 MA,32 MA,0.3750797082975908
1160,1160,5301,N2,N2,5301,DEPOT,N2,N2,DEPOT,32 MA,32 MA,0.06664390775722806
1160,1160,5305,N2,N2,5040,DEPOT,N3,N3,DEPOT,32 MA,32 MA,0.06443736272530542
1160,1160,5307,N2,N2,5040,DEPOT,N3,N3,DEPOT,32 MA,32 MA,0.41970215511498354
1160,1160,5309,N2,N2,5040,DEPOT,N3,N3,DEPOT,32 MA,32 MA,0.4184703290695811
1160,1160,6001,E2,E2,6000,DEPOT,E2,E2,DEPOT,32 MA,32 MA,0.010445475849879982
1160,1160,6003,E2,E2,6000,DEPOT,E2,E2,DEPOT,32 MA,32 MA,0.4231623839929666
1160,1160,6004,E2,E2,6000,DEPOT,E2,E2,DEPOT,32 MA,32 MA,0.0421080945038943
1160,1160,6011,E2,E2,6000,DEPOT,E2,E2,DEPOT,32 MA,32 MA,0.7462316433787738
1160,1160,6053,E2,E2,6053,DEPOT,E2,E2,DEPOT,32 MA,32 MA,0.3426429383769851
1160,1160,6102,E2,E2,6000,DEPOT,E2,E2,DEPOT,32 MA,32 MA,0.5815116972104297
1160,1160,6200,E1,E1,6200,DEPOT,E1,E1,DEPOT,32 MA,32 MA,0.08555555555555555
1160,1160,6201,E1,E1,6200,DEPOT,E1,E1,DEPOT,32 MA,32 MA,0.6440044177281627
1160,1160,6202,E1,E1,6200,DEPOT,E1,E1,DEPOT,32 MA,32 MA,0.6793573379987102
1160,1160,6203,E1,E1,6200,DEPOT,E1,E1,DEPOT,32 MA,32 MA,0.6047997417232587
1160,1160,6204,E1,E1,6200,DEPOT,E1,E1,DEPOT,32 MA,32 MA,0.6178945854672913
1160,1160,6205,E1,E1,6200,DEPOT,E1,E1,DEPOT,32 MA,32 MA,0.09803932548087416
1160,1160,6207,E1,E1,6200,DEPOT,E1,E1,DEPOT,32 MA,32 MA,0.3107400211769244
1160,1160,7000,W1,W1,7000,DEPOT,W1,W1,DEPOT,32 MA,32 MA,0.059582485638573754
1160,1160,7003,W1,W1,7000,DEPOT,W1,W1,DEPOT,32 MA,32 MA,0.5547744901582743
1160,1160,7004,W1,W1,7000,DEPOT,W1,W1,DEPOT,32 MA,32 MA,0.5262213821172634
1160,1160,7052,W1,W1,7000,DEPOT,W1,W1,DEPOT,32 MA,32 MA,0.2321858554998697
1160,1160,7053,W1,W1,7000,DEPOT,W1,W1,DEPOT,32 MA,32 MA,0.49856457276299715
1160,1160,7054,W1,W1,7000,DEPOT,W1,W1,DEPOT,32 MA,32 MA,0.23820343098449992
1160,1160,7102,W1,W1,7102,DEPOT,W1,W1,DEPOT,32 MA,32 MA,0.7351580430683908
1160,1160,7103,W1,W1,7150,DEPOT,W1,W1,DEPOT,32 MA,32 MA,0.16789055499285177
1160,1160,7104,W1,W1,7150,DEPOT,W1,W1,DEPOT,32 MA,18 FT,0.11098378459292357
1160,1160,7150,W1,W1,7150,DEPOT,W1,W1,DEPOT,32 MA,32 MA,0.1438669147574213
1160,1160,7151,W1,W1,7150,DEPOT,W1,W1,DEPOT,32 MA,32 MA,0.4012092496749631
1160,1160,7153,W1,W1,7150,DEPOT,W1,W1,DEPOT,32 MA,32 MA,0.6123116325785345
1160,1160,7155,W1,W1,7150,DEPOT,W1,W1,DEPOT,32 MA,32 MA,0.4572238529757448
1160,1160,7161,W1,W1,7250,DEPOT,W2,W2,DEPOT,32 MA,32 MA,0.4899443521725683
1160,1160,7250,W2,W2,7250,DEPOT,W2,W2,DEPOT,32 MA,32 MA,0.07220624342181242
1160,1160,7251,W2,W2,7250,DEPOT,W2,W2,DEPOT,32 MA,32 MA,0.00870909625417271
1160,1160,7252,W2,W2,7250,DEPOT,W2,W2,DEPOT,32 MA,32 MA,0.720650578926877
1160,1160,7253,W2,W2,5050,DEPOT,N2,N2,DEPOT,32 MA,32 MA,0.6971052609310181
1160,1160,7254,W2,W2,7250,DEPOT,W2,W2,DEPOT,32 MA,32 MA,0.6878776519770186
1160,1160,7302,W2,W2,7302,DEPOT,W2,W2,DEPOT,32 MA,32 MA,0.4145509722104519
1160,1160,7304,W2,W2,7250,DEPOT,W2,W2,DEPOT,32 MA,32 MA,0.5301553272038407
1160,1160,8001,S2,S2,8010,DEPOT,S2,S2,DEPOT,32 MA,18 FT,0.24891291203938248
1160,1160,8003,S2,S2,8010,DEPOT,S2,S2,DEPOT,32 MA,18 FT,0.3679675696852165
1160,1160,8006,S2,S2,8010,DEPOT,S2,S2,DEPOT,32 MA,18 FT,0.17857880333762677
1160,1160,8010,S2,S2,8010,DEPOT,S2,S2,DEPOT,32 MA,32 MA,0.16074057609057624
1160,1160,8051,S2,S2,7150,DEPOT,W1,W1,DEPOT,32 MA,18 FT,0.2419880638880637
1160,1160,8052,S2,S2,8010,DEPOT,S2,S2,DEPOT,32 MA,18 FT,0.14896774989716144
1160,1160,8053,S2,S2,8150,DEPOT,S9,S9_6,DEPOT,32 MA,18 FT,0.14013814910579592
1160,1160,8055,S2,S2,8150,DEPOT,S9,S9_6,DEPOT,32 MA,18 FT,0.12139908142555211
1160,1160,8102,S2,S2_1,8300,DEPOT,S9,S9_6,DEPOT,32 MA,18 FT,0.28847499200146254
1160,1160,8104,S2,S2_1,8300,DEPOT,S9,S9_6,DEPOT,32 MA,18 FT,0.14452592472886572
1160,1160,8105,S2,S2_1,8300,DEPOT,S9,S9_6,DEPOT,32 MA,18 FT,0.25925865082629795
1160,1160,8106,S2,S2_1,8300,DEPOT,S9,S9_6,DEPOT,32 MA,18 FT,0.34201584004231067
1160,1160,8107,S2,S2_1,8300,DEPOT,S9,S9_6,DEPOT,32 MA,18 FT,0.34342026351143984
1160,1160,8150,S9,S9_6,8150,DEPOT,S9,S9_6,DEPOT,32 MA,32 MA,0.021485573971761818
1160,1160,8153,S3,S3,8150,DEPOT,S9,S9_6,DEPOT,32 MA,18 FT,0.2779898800545859
1160,1160,8156,S9,S9_6,8150,DEPOT,S9,S9_6,DEPOT,32 MA,18 FT,0.07091521374235388
1160,1160,8253,S3,S3_1,8300,DEPOT,S9,S9_6,DEPOT,32 MA,18 FT,0.2844166111666112
1160,1160,8257,S3,S3,8150,DEPOT,S9,S9_6,DEPOT,32 MA,18 FT,0.2617340675840676
1160,1160,8258,S3,S3_1,8300,DEPOT,S9,S9_6,DEPOT,32 MA,18 FT,0.16557401412401415
1160,1160,8261,S3,S3_1,8150,DEPOT,S9,S9_6,DEPOT,32 MA,18 FT,0.3186777777777778
1160,1160,8300,S9,S9_6,8300,DEPOT,S9,S9_6,DEPOT,32 MA,32 MA,0.7161148717553116
1160,1160,8301,S1,S1_1,8300,DEPOT,S9,S9_6,DEPOT,32 MA,18 FT,0.11320982035982041
1160,1160,8303,S1,S1,8300,DEPOT,S9,S9_6,DEPOT,32 MA,18 FT,0.3415051543139778
1160,1160,8304,S1,S1,8300,DEPOT,S9,S9_6,DEPOT,32 MA,18 FT,0.07239783745666106
1160,1160,8305,S1,S1,8300,DEPOT,S9,S9_6,DEPOT,32 MA,18 FT,0.23359151990034344
1160,1160,8306,S1,S1,8300,DEPOT,S9,S9_6,DEPOT,32 MA,18 FT,0.06904700854700854
1160,1160,8311,S1,S1,8300,DEPOT,S9,S9_6,DEPOT,32 MA,18 FT,0.05656424446424446
1160,1160,8312,S1,S1_1,8300,DEPOT,S9,S9_6,DEPOT,32 MA,18 FT,0.21885154061624645
1160,1160,8315,S1,S1,8300,DEPOT,S9,S9_6,DEPOT,32 MA,18 FT,0.007692307692307693
1160,1160,8352,S1,S1,8300,DEPOT,S9,S9_6,DEPOT,32 MA,18 FT,0.3564250051750051
1160,1160,8353,S1,S1,8300,DEPOT,S9,S9_6,DEPOT,32 MA,18 FT,0.36644426207073255
1160,1160,8354,S1,S1,8300,DEPOT,S9,S9_6,DEPOT,32 MA,18 FT,0.30671596421596425
1170,1170/1190,5002,N1,N1,5050,DEPOT,N2,N2,DEPOT,32 MA,32 MA,0.385
1170,1170/1190,5004,N1,N1,5050,DEPOT,N2,N2,DEPOT,32 MA,32 MA,0.05
1170,1170/1190,5006,N1,N1,5050,DEPOT,N2,N2,DEPOT,32 MA,32 MA,0.05
1170,1170/1190,5051,N3,N3,5050,DEPOT,N2,N2,DEPOT,32 MA,32 MA,0.29
1170,1170/1190,5052,N2,N2,5040,DEPOT,N3,N3,DEPOT,32 MA,32 MA,0.49000000000000005
1170,1170/1190,5053,N2,N2,5040,DEPOT,N3,N3,DEPOT,32 MA,32 MA,0.36
1170,1170/1190,5054,N1,N1,5050,DEPOT,N2,N2,DEPOT,32 MA,32 MA,0.47
1170,1170/1190,5055,N2,N2,5050,DEPOT,N2,N2,DEPOT,32 MA,32 MA,0.605
1170,1170/1190,5061,N2,N2,5040,DEPOT,N3,N3,DEPOT,32 MA,32 MA,0.21
1170,1170/1190,5071,N1,N1,5050,DEPOT,N2,N2,DEPOT,32 MA,32 MA,0.025
1170,1170/1190,5102,N3,N3,5120,DEPOT,N3,N3,DEPOT,32 MA,32 MA,0.53
1170,1170/1190,5104,N3,N3,5120,DEPOT,N3,N3,DEPOT,32 MA,32 MA,0.4949999999999999
1170,1170/1190,5105,N3,N3,5120,DEPOT,N3,N3,DEPOT,32 MA,32 MA,0.495
1170,1170/1190,5106,N3,N3,5120,DEPOT,N3,N3,DEPOT,32 MA,32 MA,0.45
1170,1170/1190,5107,N3,N3,5050,DEPOT,N2,N2,DEPOT,32 MA,32 MA,0.11000000000000001
1170,1170/1190,5108,N3,N3,5120,DEPOT,N3,N3,DEPOT,32 MA,32 MA,0.30500000000000005
1170,1170/1190,5109,N3,N3,5120,DEPOT,N3,N3,DEPOT,32 MA,32 MA,0.5627777777777778
1170,1170/1190,5111,N3,N3,5120,DEPOT,N3,N3,DEPOT,32 MA,32 MA,0.29500000000000004
1170,1170/1190,5112,N3,N3,5120,DEPOT,N3,N3,DEPOT,32 MA,32 MA,0.64
1170,1170/1190,5115,N1,N1_1,5050,DEPOT,N2,N2,DEPOT,32 MA,32 MA,0.29
1170,1170/1190,5116,N3,N3,5120,DEPOT,N3,N3,DEPOT,32 MA,32 MA,0.585
1170,1170/1190,5120,N3,N3,5120,DEPOT,N3,N3,DEPOT,32 MA,32 MA,0.1411111111111111
1170,1170/1190,5151,N1,N1_1,5050,DEPOT,N2,N2,DEPOT,32 MA,32 MA,0.6500000000000004
1170,1170/1190,5152,N1,N1_1,5050,DEPOT,N2,N2,DEPOT,32 MA,32 MA,0.31499999999999995
1170,1170/1190,5155,N1,N1_1,6200,DEPOT,E1,E1,DEPOT,32 MA,32 MA,0.42000000000000015
1170,1170/1190,5156,W2,W2,5050,DEPOT,N2,N2,DEPOT,32 MA,32 MA,0.74
1170,1170/1190,5201,N1,N1_1,5050,DEPOT,N2,N2,DEPOT,32 MA,32 MA,0.295
1170,1170/1190,5202,N1,N1_1,5050,DEPOT,N2,N2,DEPOT,32 MA,32 MA,0.08
1170,1170/1190,5203,N1,N1_1,5120,DEPOT,N3,N3,DEPOT,32 MA,32 MA,0.42999999999999994
1170,1170/1190,5206,N1,N1_1,5050,DEPOT,N2,N2,DEPOT,32 MA,32 MA,0.72
1170,1170/1190,5251,N2,N2,5050,DEPOT,N2,N2,DEPOT,32 MA,32 MA,0.675
1170,1170/1190,5252,N2,N2,5040,DEPOT,N3,N3,DEPOT,32 MA,32 MA,0.05
1170,1170/1190,5301,N2,N2,5301,DEPOT,N2,N2,DEPOT,32 MA,32 MA,0.05
1170,1170/1190,5303,N2,N2,5040,DEPOT,N3,N3,DEPOT,32 MA,18 FT,0.23
1170,1170/1190,5305,N2,N2,5040,DEPOT,N3,N3,DEPOT,32 MA,32 MA,0.34500000000000003
1170,1170/1190,5306,N2,N2,5040,DEPOT,N3,N3,DEPOT,32 MA,32 MA,0.565
1170,1170/1190,6001,E2,E2,6000,DEPOT,E2,E2,DEPOT,32 MA,32 MA,0.42
1170,1170/1190,6003,E2,E2,6000,DEPOT,E2,E2,DEPOT,32 MA,32 MA,0.41
1170,1170/1190,6004,E2,E2,6000,DEPOT,E2,E2,DEPOT,32 MA,32 MA,0.59
1170,1170/1190,6011,E2,E2,6000,DEPOT,E2,E2,DEPOT,32 MA,32 MA,0.72
1170,1170/1190,6012,E2,E2,6000,DEPOT,E2,E2,DEPOT,32 MA,18 FT,0.08499999999999996
1170,1170/1190,6013,E2,E2,6000,DEPOT,E2,E2,DEPOT,32 MA,32 MA,0.22
1170,1170/1190,6102,E2,E2,6000,DEPOT,E2,E2,DEPOT,32 MA,32 MA,0.215
1170,1170/1190,6200,E1,E1,6200,DEPOT,E1,E1,DEPOT,32 MA,32 MA,0.165
1170,1170/1190,6201,E1,E1,6200,DEPOT,E1,E1,DEPOT,32 MA,32 MA,0.595
1170,1170/1190,6203,E1,E1,6200,DEPOT,E1,E1,DEPOT,32 MA,32 MA,0.56
1170,1170/1190,6204,E1,E1,6200,DEPOT,E1,E1,DEPOT,32 MA,32 MA,0.635
1170,1170/1190,6205,E1,E1,6200,DEPOT,E1,E1,DEPOT,32 MA,32 MA,0.38
1170,1170/1190,6206,E1,E1,6200,DEPOT,E1,E1,DEPOT,32 MA,32 MA,0.06000000000000005
1170,1170/1190,7001,W1,W1,7000,DEPOT,W1,W1,DEPOT,32 MA,32 MA,0.7
1170,1170/1190,7002,W1,W1,7000,DEPOT,W1,W1,DEPOT,32 MA,32 MA,0.7050000000000001
1170,1170/1190,7003,W1,W1,7000,DEPOT,W1,W1,DEPOT,32 MA,32 MA,0.275
1170,1170/1190,7004,W1,W1,7000,DEPOT,W1,W1,DEPOT,32 MA,32 MA,0.07500000000000001
1170,1170/1190,7051,W1,W1,7000,DEPOT,W1,W1,DEPOT,32 MA,32 MA,0.175
1170,1170/1190,7052,W1,W1,7000,DEPOT,W1,W1,DEPOT,32 MA,32 MA,0.22500000000000003
1170,1170/1190,7053,W1,W1,7000,DEPOT,W1,W1,DEPOT,32 MA,32 MA,0.2
1170,1170/1190,7054,W1,W1,7000,DEPOT,W1,W1,DEPOT,32 MA,32 MA,0.105
1170,1170/1190,7102,W1,W1,7102,DEPOT,W1,W1,DEPOT,32 MA,32 MA,0.675
1170,1170/1190,7103,W1,W1,7150,DEPOT,W1,W1,DEPOT,32 MA,32 MA,0.23499999999999988
1170,1170/1190,7104,W1,W1,7150,DEPOT,W1,W1,DEPOT,32 MA,18 FT,0.06
1170,1170/1190,7105,W1,W1,8150,DEPOT,S3,S3,DEPOT,32 MA,32 MA,0.7211111111111113
1170,1170/1190,7150,W1,W1,7150,DEPOT,W1,W1,DEPOT,32 MA,32 MA,0.05
1170,1170/1190,7154,W1,W1,7150,DEPOT,W1,W1,DEPOT,32 MA,32 MA,0.36
1170,1170/1190,7155,W1,W1,7150,DEPOT,W1,W1,DEPOT,32 MA,32 MA,0.495
1170,1170/1190,7157,W1,W1,7150,DEPOT,W1,W1,DEPOT,32 MA,32 MA,0.5549999999999999
1170,1170/1190,7161,W1,W1,7250,DEPOT,W2,W2,DEPOT,32 MA,32 MA,0.21
1170,1170/1190,7250,W2,W2,7250,DEPOT,W2,W2,DEPOT,32 MA,32 MA,0.045
1170,1170/1190,7251,W2,W2,7250,DEPOT,W2,W2,DEPOT,32 MA,32 MA,0.23555555555555552
1170,1170/1190,7252,W2,W2,7250,DEPOT,W2,W2,DEPOT,32 MA,32 MA,0.23055555555555562
1170,1170/1190,7253,W2,W2,5050,DEPOT,N2,N2,DEPOT,32 MA,32 MA,0.5
1170,1170/1190,7254,W2,W2,7250,DEPOT,W2,W2,DEPOT,32 MA,32 MA,0.575
1170,1170/1190,7302,W2,W2,7302,DEPOT,W2,W2,DEPOT,32 MA,32 MA,0.52
1170,1170/1190,8001,S2,S2,8010,DEPOT,S2,S2,DEPOT,32 MA,18 FT,0.02388888888888885
1170,1170/1190,8002,S2,S2,8010,DEPOT,S2,S2,DEPOT,32 MA,18 FT,0.245
1170,1170/1190,8003,S2,S2,8010,DEPOT,S2,S2,DEPOT,32 MA,18 FT,0.10055555555555562
1170,1170/1190,8004,S2,S2,8010,DEPOT,S2,S2,DEPOT,32 MA,18 FT,0.205
1170,1170/1190,8006,S2,S2,8010,DEPOT,S2,S2,DEPOT,32 MA,18 FT,0.06944444444444445
1170,1170/1190,8052,S2,S2,8010,DEPOT,S2,S2,DEPOT,32 MA,18 FT,0.23
1170,1170/1190,8053,S2,S2,8150,DEPOT,S3,S3,DEPOT,32 MA,18 FT,0.2649999999999999
1170,1170/1190,8054,S2,S2,8010,DEPOT,S2,S2,DEPOT,32 MA,18 FT,0.19777777777777777
1170,1170/1190,8055,S2,S2,8150,DEPOT,S3,S3,DEPOT,32 MA,18 FT,0.2566666666666666
1170,1170/1190,8102,S2,S2_1,8300,DEPOT,S1,S1_1,DEPOT,32 MA,18 FT,0.075
1170,1170/1190,8104,S2,S2_1,8300,DEPOT,S1,S1_1,DEPOT,32 MA,18 FT,0.095
1170,1170/1190,8107,S2,S2_1,8300,DEPOT,S1,S1_1,DEPOT,32 MA,18 FT,0.1
1170,1170/1190,8150,S3,S3,8150,DEPOT,S3,S3,DEPOT,32 MA,32 MA,0.035
1170,1170/1190,8151,S3,S3,8150,DEPOT,S3,S3,DEPOT,32 MA,18 FT,0.20500000000000002
1170,1170/1190,8155,S3,S3,8150,DEPOT,S3,S3,DEPOT,32 MA,18 FT,0.2061111111111111
1170,1170/1190,8156,S3,S3,8150,DEPOT,S3,S3,DEPOT,32 MA,18 FT,0.14
1170,1170/1190,8251,S3,S3,8150,DEPOT,S3,S3,DEPOT,32 MA,18 FT,0.07611111111111124
1170,1170/1190,8252,S3,S3,8150,DEPOT,S3,S3,DEPOT,32 MA,18 FT,0.15500000000000003
1170,1170/1190,8253,S3,S3,8300,DEPOT,S1,S1_1,DEPOT,32 MA,18 FT,0.135
1170,1170/1190,8254,S3,S3,8150,DEPOT,S3,S3,DEPOT,32 MA,18 FT,0.16999999999999998
1170,1170/1190,8255,S3,S3,8150,DEPOT,S3,S3,DEPOT,32 MA,18 FT,0.16999999999999993
1170,1170/1190,8256,S3,S3,8300,DEPOT,S1,S1_1,DEPOT,32 MA,18 FT,0.135
1170,1170/1190,8257,S3,S3,8150,DEPOT,S3,S3,DEPOT,32 MA,18 FT,0.23
1170,1170/1190,8258,S3,S3,8300,DEPOT,S1,S1_1,DEPOT,32 MA,18 FT,0.025
1170,1170/1190,8261,S3,S3,8150,DEPOT,S3,S3,DEPOT,32 MA,18 FT,0.175
1170,1170/1190,8300,S1,S1_1,8300,DEPOT,S1,S1_1,DEPOT,32 MA,32 MA,0.075
1170,1170/1190,8301,S1,S1_1,8300,DEPOT,S1,S1_1,DEPOT,32 MA,18 FT,0.23111111111111104
1170,1170/1190,8303,S1,S1,8300,DEPOT,S1,S1_1,DEPOT,32 MA,18 FT,0.020000000000000018
1170,1170/1190,8304,S1,S1,8300,DEPOT,S1,S1_1,DEPOT,32 MA,18 FT,0.2500000000000001
1170,1170/1190,8305,S1,S1,8300,DEPOT,S1,S1_1,DEPOT,32 MA,18 FT,0.17000000000000004
1170,1170/1190,8306,S1,S1,8300,DEPOT,S1,S1_1,DEPOT,32 MA,18 FT,0.315
1170,1170/1190,8311,S1,S1,8300,DEPOT,S1,S1_1,DEPOT,32 MA,18 FT,0.26111111111111107
1170,1170/1190,8312,S1,S1_1,8300,DEPOT,S1,S1_1,DEPOT,32 MA,18 FT,0.235
1170,1170/1190,8313,S1,S1,8300,DEPOT,S1,S1_1,DEPOT,32 MA,18 FT,0.3611111111111111
1170,1170/1190,8315,S1,S1,8300,DEPOT,S1,S1_1,DEPOT,32 MA,18 FT,0.1100000000000001
1170,1170/1190,8352,S1,S1,8300,DEPOT,S1,S1_1,DEPOT,32 MA,18 FT,0.20500000000000007
1170,1170/1190,8353,S1,S1,8300,DEPOT,S1,S1_1,DEPOT,32 MA,18 FT,0.18555555555555547
1170,1170/1190,8354,S1,S1,8300,DEPOT,S1,S1_1,DEPOT,32 MA,18 FT,0.24
1170,1170/1190,8355,S1,S1,8300,DEPOT,S1,S1_1,DEPOT,32 MA,18 FT,0.28500000000000003
1170,1170/1190,8356,S1,S1,8300,DEPOT,S1,S1_1,DEPOT,32 MA,18 FT,0.24555555555555555
1180,1150/1180,5002,N4,N4,5050,DEPOT,N5,N5,DEPOT,32 MA,32 MA,0.4708776820563595
1180,1150/1180,5004,N4,N4,5050,DEPOT,N5,N5,DEPOT,32 MA,32 MA,0.3541452838605156
1180,1150/1180,5006,N4,N4,5050,DEPOT,N5,N5,DEPOT,32 MA,32 MA,0.20363018684950676
1180,1150/1180,5051,N6,N6,5050,DEPOT,N5,N5,DEPOT,32 MA,32 MA,0.4883778922558555
1180,1150/1180,5052,N5,N5,5040,DEPOT,N6,N6,DEPOT,32 MA,32 MA,0.555037170227363
1180,1150/1180,5053,N5,N5,5040,DEPOT,N6,N6,DEPOT,32 MA,32 MA,0.5116847236520624
1180,1150/1180,5054,N4,N4,5050,DEPOT,N5,N5,DEPOT,32 MA,32 MA,0.22045582172209524
1180,1150/1180,5055,N5,N5,5050,DEPOT,N5,N5,DEPOT,32 MA,32 MA,0.3656288544370427
1180,1150/1180,5061,N5,N5,5040,DEPOT,N6,N6,DEPOT,32 MA,32 MA,0.43565845295347083
1180,1150/1180,5071,N4,N4,5050,DEPOT,N5,N5,DEPOT,32 MA,32 MA,0.1714707960298954
1180,1150/1180,5101,N6,N6,5120,DEPOT,N6,N6,DEPOT,32 MA,32 MA,0.3885480941269946
1180,1150/1180,5102,N6,N6,5120,DEPOT,N6,N6,DEPOT,32 MA,32 MA,0.39130738036410706
1180,1150/1180,5103,N6,N6,5120,DEPOT,N6,N6,DEPOT,32 MA,32 MA,0.24952663959612542
1180,1150/1180,5104,N6,N6,5120,DEPOT,N6,N6,DEPOT,32 MA,32 MA,0.39839779839855827
1180,1150/1180,5105,N6,N6,5120,DEPOT,N6,N6,DEPOT,32 MA,32 MA,0.08909429571320564
1180,1150/1180,5106,N6,N6,5120,DEPOT,N6,N6,DEPOT,32 MA,32 MA,0.2934923042118088
1180,1150/1180,5107,N6,N6,5050,DEPOT,N5,N5,DEPOT,32 MA,32 MA,0.19161903580992215
1180,1150/1180,5108,N6,N6,5120,DEPOT,N6,N6,DEPOT,32 MA,32 MA,0.11479355308217326
1180,1150/1180,5109,N6,N6,5120,DEPOT,N6,N6,DEPOT,32 MA,32 MA,0.2227129689302255
1180,1150/1180,5111,N6,N6,5120,DEPOT,N6,N6,DEPOT,32 MA,32 MA,0.08969905943131917
1180,1150/1180,5112,N6,N6,5120,DEPOT,N6,N6,DEPOT,32 MA,32 MA,0.16967687333682624
1180,1150/1180,5114,N6,N6,5120,DEPOT,N6,N6,DEPOT,32 MA,32 MA,0.21090761727773166
1180,1150/1180,5115,N4,N4_1,5050,DEPOT,N5,N5,DEPOT,32 MA,32 MA,0.05557744628258352
1180,1150/1180,5116,N6,N6,5120,DEPOT,N6,N6,DEPOT,32 MA,32 MA,0.15072594990809873
1180,1150/1180,5120,N6,N6,5120,DEPOT,N6,N6,DEPOT,32 MA,32 MA,0.19689893094817562
1180,1150/1180,5151,N4,N4_1,5050,DEPOT,N5,N5,DEPOT,32 MA,32 MA,0.4040127751337602
1180,1150/1180,5152,N4,N4_1,5050,DEPOT,N5,N5,DEPOT,32 MA,32 MA,0.6981192038401507
1180,1150/1180,5153,N4,N4_1,6200,DEPOT,E3,E3,DEPOT,32 MA,32 MA,0.43537349778454876
1180,1150/1180,5155,N4,N4_1,6200,DEPOT,E3,E3,DEPOT,32 MA,32 MA,0.443440964326076
1180,1150/1180,5156,W4,W4,5050,DEPOT,N5,N5,DEPOT,32 MA,32 MA,0.25159736510060515
1180,1150/1180,5157,N4,N4_1,6200,DEPOT,E3,E3,DEPOT,32 MA,32 MA,0.29128614948636256
1180,1150/1180,5201,N4,N4_1,5050,DEPOT,N5,N5,DEPOT,32 MA,32 MA,0.32516475104542414
1180,1150/1180,5202,N4,N4_1,5050,DEPOT,N5,N5,DEPOT,32 MA,32 MA,0.09551123228964851
1180,1150/1180,5203,N4,N4_1,5120,DEPOT,N6,N6,DEPOT,32 MA,32 MA,0.49682445397459657
1180,1150/1180,5206,N4,N4_1,5050,DEPOT,N5,N5,DEPOT,32 MA,32 MA,0.1106526816648083
1180,1150/1180,5251,N5,N5,5050,DEPOT,N5,N5,DEPOT,32 MA,32 MA,0.21084392356415788
1180,1150/1180,5252,N5,N5,5040,DEPOT,N6,N6,DEPOT,32 MA,32 MA,0.26668769087044697
1180,1150/1180,5301,N5,N5,5301,DEPOT,N5,N5,DEPOT,32 MA,32 MA,0.7304301731931311
1180,1150/1180,5303,N5,N5,5040,DEPOT,N6,N6,DEPOT,32 MA,18 FT,0.20068806160569116
1180,1150/1180,5305,N5,N5,5040,DEPOT,N6,N6,DEPOT,32 MA,32 MA,0.4920482634066331
1180,1150/1180,5306,N5,N5,5040,DEPOT,N6,N6,DEPOT,32 MA,32 MA,0.283639048154915
1180,1150/1180,5307,N5,N5,5040,DEPOT,N6,N6,DEPOT,32 MA,32 MA,0.18831600821829964
1180,1150/1180,5309,N5,N5,5040,DEPOT,N6,N6,DEPOT,32 MA,32 MA,0.21513475994123302
1180,1150/1180,6001,E4,E4,6000,DEPOT,E4,E4,DEPOT,32 MA,32 MA,0.2102896257174699
1180,1150/1180,6003,E4,E4,6000,DEPOT,E4,E4,DEPOT,32 MA,32 MA,0.1622035659120041
1180,1150/1180,6004,E4,E4,6000,DEPOT,E4,E4,DEPOT,32 MA,32 MA,0.12030961131207743
1180,1150/1180,6011,E4,E4,6000,DEPOT,E4,E4,DEPOT,32 MA,32 MA,0.08896133702619352
1180,1150/1180,6012,E4,E4,6000,DEPOT,E4,E4,DEPOT,32 MA,18 FT,0.06685865017713193
1180,1150/1180,6013,E4,E4,6000,DEPOT,E4,E4,DEPOT,32 MA,32 MA,0.2326979399863853
1180,1150/1180,6053,E4,E4,6053,DEPOT,E4,E4,DEPOT,32 MA,32 MA,0.722952817360503
1180,1150/1180,6102,E4,E4,6000,DEPOT,E4,E4,DEPOT,32 MA,32 MA,0.031193584501914007
1180,1150/1180,6200,E3,E3,6200,DEPOT,E3,E3,DEPOT,32 MA,32 MA,0.027280187715649558
1180,1150/1180,6201,E3,E3,6200,DEPOT,E3,E3,DEPOT,32 MA,32 MA,0.19116342129074088
1180,1150/1180,6202,E3,E3,6200,DEPOT,E3,E3,DEPOT,32 MA,32 MA,0.17471622066840878
1180,1150/1180,6203,E3,E3,6200,DEPOT,E3,E3,DEPOT,32 MA,32 MA,0.4240536379147718
1180,1150/1180,6204,E3,E3,6200,DEPOT,E3,E3,DEPOT,32 MA,32 MA,0.06509117805825479
1180,1150/1180,6205,E3,E3,6200,DEPOT,E3,E3,DEPOT,32 MA,32 MA,0.04594409954075772
1180,1150/1180,6206,E3,E3,6200,DEPOT,E3,E3,DEPOT,32 MA,32 MA,0.05693559271800195
1180,1150/1180,6207,E3,E3,6200,DEPOT,E3,E3,DEPOT,32 MA,32 MA,0.136852422938984
1180,1150/1180,7000,W3,W3_1,7000,DEPOT,W3,W3_1,DEPOT,32 MA,32 MA,0.07289853288161846
1180,1150/1180,7001,W3,W3_1,7000,DEPOT,W3,W3_1,DEPOT,32 MA,32 MA,0.6665698914517368
1180,1150/1180,7002,W3,W3_1,7000,DEPOT,W3,W3_1,DEPOT,32 MA,32 MA,0.5457517666047754
1180,1150/1180,7003,W3,W3_1,7000,DEPOT,W3,W3_1,DEPOT,32 MA,32 MA,0.4701120926013359
1180,1150/1180,7004,W3,W3_1,7000,DEPOT,W3,W3_1,DEPOT,32 MA,32 MA,0.28945007970497283
1180,1150/1180,7051,W3,W3_1,7000,DEPOT,W3,W3_1,DEPOT,32 MA,32 MA,0.039525015428736765
1180,1150/1180,7052,W3,W3_1,7000,DEPOT,W3,W3_1,DEPOT,32 MA,32 MA,0.20382054242792905
1180,1150/1180,7053,W3,W3_1,7000,DEPOT,W3,W3_1,DEPOT,32 MA,32 MA,0.23869644226299724
1180,1150/1180,7054,W3,W3_1,7000,DEPOT,W3,W3_1,DEPOT,32 MA,32 MA,0.16627920183525702
1180,1150/1180,7102,W3,W3,7102,DEPOT,W3,W3,DEPOT,32 MA,32 MA,0.25547817316121924
1180,1150/1180,7103,W3,W3_2,7150,DEPOT,W3,W3,DEPOT,32 MA,32 MA,0.7408281442570908
1180,1150/1180,7104,W3,W3,7150,DEPOT,W3,W3,DEPOT,32 MA,18 FT,0.3048486473931916
1180,1150/1180,7105,W3,W3_2,8150,DEPOT,S9,S9_5,DEPOT,32 MA,32 MA,0.6866904168230186
1180,1150/1180,7150,W3,W3,7150,DEPOT,W3,W3,DEPOT,32 MA,32 MA,0.23288550521048615
1180,1150/1180,7151,W3,W3,7150,DEPOT,W3,W3,DEPOT,32 MA,32 MA,0.171658902890637
1180,1150/1180,7152,W3,W3,7152,DEPOT,W3,W3,DEPOT,32 MA,32 MA,0.08428442028028904
1180,1150/1180,7153,W3,W3,7150,DEPOT,W3,W3,DEPOT,32 MA,32 MA,0.4196588052371112
1180,1150/1180,7155,W3,W3,7150,DEPOT,W3,W3,DEPOT,32 MA,32 MA,0.3303244007424756
1180,1150/1180,7161,W3,W3,7250,DEPOT,W4,W4,DEPOT,32 MA,32 MA,0.3957242098003742
1180,1150/1180,7250,W4,W4,7250,DEPOT,W4,W4,DEPOT,32 MA,32 MA,0.5135064762658655
1180,1150/1180,7251,W4,W4,7250,DEPOT,W4,W4,DEPOT,32 MA,32 MA,0.19710084630106794
1180,1150/1180,7252,W4,W4,7250,DEPOT,W4,W4,DEPOT,32 MA,32 MA,0.4623185602913604
1180,1150/1180,7253,W4,W4,5050,DEPOT,N5,N5,DEPOT,32 MA,32 MA,0.39171200952686674
1180,1150/1180,7254,W4,W4,7250,DEPOT,W4,W4,DEPOT,32 MA,32 MA,0.4645070163545677
1180,1150/1180,7301,W4,W4,7250,DEPOT,W4,W4,DEPOT,32 MA,32 MA,0.6396249982929677
1180,1150/1180,7302,W4,W4,7302,DEPOT,W4,W4,DEPOT,32 MA,32 MA,0.6420077910954722
1180,1150/1180,7304,W4,W4,7250,DEPOT,W4,W4,DEPOT,32 MA,32 MA,0.3674439066464937
1180,1150/1180,8001,S7,S7,8010,DEPOT,S7,S7,DEPOT,32 MA,18 FT,0.06958793655708828
1180,1150/1180,8002,S7,S7,8010,DEPOT,S7,S7,DEPOT,32 MA,18 FT,0.25238097384981034
1180,1150/1180,8003,S7,S7,8010,DEPOT,S7,S7,DEPOT,32 MA,18 FT,0.3342753846243143
1180,1150/1180,8004,S7,S7,8010,DEPOT,S7,S7,DEPOT,32 MA,18 FT,0.1763776818322844
1180,1150/1180,8005,S7,S7,8010,DEPOT,S7,S7,DEPOT,32 MA,18 FT,0.2741034955688461
1180,1150/1180,8010,S7,S7,8010,DEPOT,S7,S7,DEPOT,32 MA,32 MA,0.4187856283704817
1180,1150/1180,8051,S7,S7,7150,DEPOT,W3,W3,DEPOT,32 MA,18 FT,0.1666756946193489
1180,1150/1180,8052,S7,S7,8010,DEPOT,S7,S7,DEPOT,32 MA,18 FT,0.018340009418491454
1180,1150/1180,8053,S7,S7,8150,DEPOT,S9,S9_5,DEPOT,32 MA,18 FT,0.3292948964865208
1180,1150/1180,8054,S7,S7,8010,DEPOT,S7,S7,DEPOT,32 MA,18 FT,0.21674579272915404
1180,1150/1180,8055,S7,S7,8150,DEPOT,S9,S9_5,DEPOT,32 MA,18 FT,0.30722172066910297
1180,1150/1180,8102,S7,S7_1,8300,DEPOT,S9,S9_5,DEPOT,32 MA,18 FT,0.052174755799755834
1180,1150/1180,8103,S7,S7_1,8300,DEPOT,S9,S9_5,DEPOT,32 MA,18 FT,0.227065934065934
1180,1150/1180,8104,S9,S9_5,8300,DEPOT,S9,S9_5,DEPOT,32 MA,18 FT,0.36705429610970597
1180,1150/1180,8106,S7,S7_1,8300,DEPOT,S9,S9_5,DEPOT,32 MA,18 FT,0.35698687423687425
1180,1150/1180,8107,S7,S7_1,8300,DEPOT,S9,S9_5,DEPOT,32 MA,18 FT,0.35680509768009766
1180,1150/1180,8150,S9,S9_5,8150,DEPOT,S9,S9_5,DEPOT,32 MA,32 MA,0.4412534373435663
1180,1150/1180,8151,S9,S9_5,8150,DEPOT,S9,S9_5,DEPOT,32 MA,18 FT,0.2941640286798056
1180,1150/1180,8153,S9,S9_5,8150,DEPOT,S9,S9_5,DEPOT,32 MA,18 FT,0.0944340935389274
1180,1150/1180,8155,S6,S6,8150,DEPOT,S9,S9_5,DEPOT,32 MA,18 FT,0.3661762876378737
1180,1150/1180,8156,S9,S9_5,8150,DEPOT,S9,S9_5,DEPOT,32 MA,18 FT,0.10843776053744048
1180,1150/1180,8251,S6,S6,8150,DEPOT,S9,S9_5,DEPOT,32 MA,18 FT,0.0457454278496634
1180,1150/1180,8254,S6,S6_1,8150,DEPOT,S9,S9_5,DEPOT,32 MA,18 FT,0.3159122405372405
1180,1150/1180,8257,S6,S6,8150,DEPOT,S9,S9_5,DEPOT,32 MA,18 FT,0.25310234134178883
1180,1150/1180,8258,S6,S6_1,8300,DEPOT,S9,S9_5,DEPOT,32 MA,18 FT,0.2541260683760684
1180,1150/1180,8261,S6,S6,8150,DEPOT,S9,S9_5,DEPOT,32 MA,18 FT,0.2369990613131837
1180,1150/1180,8301,S8,S8,8300,DEPOT,S9,S9_5,DEPOT,32 MA,18 FT,0.2514100387972665
1180,1150/1180,8302,S8,S8,8300,DEPOT,S9,S9_5,DEPOT,32 MA,18 FT,0.33303258981483636
1180,1150/1180,8303,S8,S8,8300,DEPOT,S9,S9_5,DEPOT,32 MA,18 FT,0.17001541244620513
1180,1150/1180,8304,S8,S8,8300,DEPOT,S9,S9_5,DEPOT,32 MA,18 FT,0.19505633161387795
1180,1150/1180,8305,S9,S9_5,8300,DEPOT,S9,S9_5,DEPOT,32 MA,18 FT,0.3219059866503954
1180,1150/1180,8306,S8,S8,8300,DEPOT,S9,S9_5,DEPOT,32 MA,18 FT,0.08433051234020203
1180,1150/1180,8311,S8,S8,8300,DEPOT,S9,S9_5,DEPOT,32 MA,18 FT,0.23253717839675858
1180,1150/1180,8312,S8,S8,8300,DEPOT,S9,S9_5,DEPOT,32 MA,18 FT,0.18866224477821708
1180,1150/1180,8313,S8,S8,8300,DEPOT,S9,S9_5,DEPOT,32 MA,18 FT,0.2612541012612428
1180,1150/1180,8315,S8,S8,8300,DEPOT,S9,S9_5,DEPOT,32 MA,18 FT,0.03836341813468762
1180,1150/1180,8351,S8,S8,8300,DEPOT,S9,S9_5,DEPOT,32 MA,18 FT,0.2945768726508054
1180,1150/1180,8352,S6,S6,8300,DEPOT,S9,S9_5,DEPOT,32 MA,18 FT,0.2319844490222658
1180,1150/1180,8353,S8,S8,8300,DEPOT,S9,S9_5,DEPOT,32 MA,18 FT,0.29804943167513825
1180,1150/1180,8354,S8,S8,8300,DEPOT,S9,S9_5,DEPOT,32 MA,18 FT,0.1063444912165722
1180,1150/1180,8355,S8,S8,8300,DEPOT,S9,S9_5,DEPOT,32 MA,18 FT,0.17912058244490464
1180,1150/1180,8356,S8,S8,8300,DEPOT,S9,S9_5,DEPOT,32 MA,18 FT,0.24423350920219897
1190,1170/1190,5001,N1,N1,5050,DEPOT,N2,N2,DEPOT,32 MA,32 MA,0.24667089450300314
1190,1170/1190,5002,N1,N1,5050,DEPOT,N2,N2,DEPOT,32 MA,32 MA,0.11720728560686665
1190,1170/1190,5004,N1,N1,5050,DEPOT,N2,N2,DEPOT,32 MA,32 MA,0.17799702774472473
1190,1170/1190,5006,N1,N1,5050,DEPOT,N2,N2,DEPOT,32 MA,32 MA,0.09401850930499413
1190,1170/1190,5040,N3,N3,5040,DEPOT,N3,N3,DEPOT,32 MA,32 MA,0.5482483803236284
1190,1170/1190,5050,N2,N2,5050,DEPOT,N2,N2,DEPOT,32 MA,32 MA,0.6934622808247353
1190,1170/1190,5051,N3,N3,5050,DEPOT,N2,N2,DEPOT,32 MA,32 MA,0.2365347979586267
1190,1170/1190,5052,N2,N2,5040,DEPOT,N3,N3,DEPOT,32 MA,32 MA,0.17260710351851558
1190,1170/1190,5053,N2,N2,5040,DEPOT,N3,N3,DEPOT,32 MA,32 MA,0.2530395894128801
1190,1170/1190,5054,N1,N1,5050,DEPOT,N2,N2,DEPOT,32 MA,32 MA,0.16994237495852707
1190,1170/1190,5055,N2,N2,5050,DEPOT,N2,N2,DEPOT,32 MA,32 MA,0.28777207780353636
1190,1170/1190,5061,N2,N2,5040,DEPOT,N3,N3,DEPOT,32 MA,32 MA,0.16547098680775443
1190,1170/1190,5071,N1,N1,5050,DEPOT,N2,N2,DEPOT,32 MA,32 MA,0.16504101550167594
1190,1170/1190,5101,N3,N3,5120,DEPOT,N3,N3,DEPOT,32 MA,32 MA,0.19415383743681444
1190,1170/1190,5102,N3,N3,5120,DEPOT,N3,N3,DEPOT,32 MA,32 MA,0.17178867366554734
1190,1170/1190,5103,N3,N3,5120,DEPOT,N3,N3,DEPOT,32 MA,32 MA,0.3983038183957516
1190,1170/1190,5104,N3,N3,5120,DEPOT,N3,N3,DEPOT,32 MA,32 MA,0.46046982655741425
1190,1170/1190,5105,N3,N3,5120,DEPOT,N3,N3,DEPOT,32 MA,32 MA,0.0712383849820494
1190,1170/1190,5106,N3,N3,5120,DEPOT,N3,N3,DEPOT,32 MA,32 MA,0.10931618702076681
1190,1170/1190,5107,N3,N3,5050,DEPOT,N2,N2,DEPOT,32 MA,32 MA,0.25608504864526355
1190,1170/1190,5108,N3,N3,5120,DEPOT,N3,N3,DEPOT,32 MA,32 MA,0.25472417543177006
1190,1170/1190,5109,N3,N3,5120,DEPOT,N3,N3,DEPOT,32 MA,32 MA,0.21430807803809512
1190,1170/1190,5111,N3,N3,5120,DEPOT,N3,N3,DEPOT,32 MA,32 MA,0.1154808597698758
1190,1170/1190,5112,N3,N3,5120,DEPOT,N3,N3,DEPOT,32 MA,32 MA,0.1448898010686404
1190,1170/1190,5114,N3,N3,5120,DEPOT,N3,N3,DEPOT,32 MA,32 MA,0.13842299464595562
1190,1170/1190,5115,N1,N1_1,5050,DEPOT,N2,N2,DEPOT,32 MA,32 MA,0.04129301866382367
1190,1170/1190,5116,N3,N3,5120,DEPOT,N3,N3,DEPOT,32 MA,32 MA,0.1483123253618143
1190,1170/1190,5120,N3,N3,5120,DEPOT,N3,N3,DEPOT,32 MA,32 MA,0.1590992831720533
1190,1170/1190,5151,N1,N1_1,5050,DEPOT,N2,N2,DEPOT,32 MA,32 MA,0.5862428000143071
1190,1170/1190,5152,N1,N1_1,5050,DEPOT,N2,N2,DEPOT,32 MA,32 MA,0.5656861550495229
1190,1170/1190,5153,N1,N1_1,6200,DEPOT,E1,E1,DEPOT,32 MA,32 MA,0.5637211637656689
1190,1170/1190,5155,N1,N1_1,6200,DEPOT,E1,E1,DEPOT,32 MA,32 MA,0.5137638197424161
1190,1170/1190,5156,W2,W2,5050,DEPOT,N2,N2,DEPOT,32 MA,32 MA,0.06785568938860083
1190,1170/1190,5157,N1,N1_1,6200,DEPOT,E1,E1,DEPOT,32 MA,32 MA,0.45445391058439594
1190,1170/1190,5201,N1,N1_1,5050,DEPOT,N2,N2,DEPOT,32 MA,32 MA,0.21570529932414945
1190,1170/1190,5202,N1,N1_1,5050,DEPOT,N2,N2,DEPOT,32 MA,32 MA,0.11243980621524814
1190,1170/1190,5203,N1,N1_1,5120,DEPOT,N3,N3,DEPOT,32 MA,32 MA,0.2012310259182794
1190,1170/1190,5206,N1,N1_1,5050,DEPOT,N2,N2,DEPOT,32 MA,32 MA,0.10223619119031577
1190,1170/1190,5251,N2,N2,5050,DEPOT,N2,N2,DEPOT,32 MA,32 MA,0.11262795971679411
1190,1170/1190,5252,N2,N2,5040,DEPOT,N3,N3,DEPOT,32 MA,32 MA,0.06628474854327819
1190,1170/1190,5301,N2,N2,5301,DEPOT,N2,N2,DEPOT,32 MA,32 MA,0.48254238868605687
1190,1170/1190,5303,N2,N2,5040,DEPOT,N3,N3,DEPOT,32 MA,18 FT,0.10740581400058062
1190,1170/1190,5305,N2,N2,5040,DEPOT,N3,N3,DEPOT,32 MA,32 MA,0.29673490983682327
1190,1170/1190,5306,N2,N2,5040,DEPOT,N3,N3,DEPOT,32 MA,32 MA,0.15465672445313888
1190,1170/1190,5307,N2,N2,5040,DEPOT,N3,N3,DEPOT,32 MA,32 MA,0.17450719303525322
1190,1170/1190,5309,N2,N2,5040,DEPOT,N3,N3,DEPOT,32 MA,32 MA,0.03129151363989402
1190,1170/1190,6001,E2,E2,6000,DEPOT,E2,E2,DEPOT,32 MA,32 MA,0.11227580729771275
1190,1170/1190,6003,E2,E2,6000,DEPOT,E2,E2,DEPOT,32 MA,32 MA,0.14809299566089346
1190,1170/1190,6004,E2,E2,6000,DEPOT,E2,E2,DEPOT,32 MA,32 MA,0.36746935609983195
1190,1170/1190,6011,E2,E2,6000,DEPOT,E2,E2,DEPOT,32 MA,32 MA,0.4076808137181747
1190,1170/1190,6012,E2,E2,6000,DEPOT,E2,E2,DEPOT,32 MA,18 FT,0.3564312420151409
1190,1170/1190,6013,E2,E2,6000,DEPOT,E2,E2,DEPOT,32 MA,32 MA,0.4838542864012969
1190,1170/1190,6102,E2,E2,6000,DEPOT,E2,E2,DEPOT,32 MA,32 MA,0.47509484111868217
1190,1170/1190,6200,E1,E1,6200,DEPOT,E1,E1,DEPOT,32 MA,32 MA,0.09727615793308854
1190,1170/1190,6201,E1,E1,6200,DEPOT,E1,E1,DEPOT,32 MA,32 MA,0.15033774742186629
1190,1170/1190,6202,E1,E1,6200,DEPOT,E1,E1,DEPOT,32 MA,32 MA,0.699863591010358
1190,1170/1190,6203,E1,E1,6200,DEPOT,E1,E1,DEPOT,32 MA,32 MA,0.1092830953284292
1190,1170/1190,6204,E1,E1,6200,DEPOT,E1,E1,DEPOT,32 MA,32 MA,0.14770304442826046
1190,1170/1190,6205,E1,E1,6200,DEPOT,E1,E1,DEPOT,32 MA,32 MA,0.04541235459283607
1190,1170/1190,6206,E1,E1,6200,DEPOT,E1,E1,DEPOT,32 MA,32 MA,0.21767330786595063
1190,1170/1190,6207,E1,E1,6200,DEPOT,E1,E1,DEPOT,32 MA,32 MA,0.10829631852610747
1190,1170/1190,7000,W1,W1,7000,DEPOT,W1,W1,DEPOT,32 MA,32 MA,0.30030880378774527
1190,1170/1190,7001,W1,W1,7000,DEPOT,W1,W1,DEPOT,32 MA,32 MA,0.4619709624438666
1190,1170/1190,7003,W1,W1,7000,DEPOT,W1,W1,DEPOT,32 MA,32 MA,0.29968546561151505
1190,1170/1190,7004,W1,W1,7000,DEPOT,W1,W1,DEPOT,32 MA,32 MA,0.17966267589739884
1190,1170/1190,7051,W1,W1,7000,DEPOT,W1,W1,DEPOT,32 MA,32 MA,0.2413020543882046
1190,1170/1190,7052,W1,W1,7000,DEPOT,W1,W1,DEPOT,32 MA,32 MA,0.2633671369101609
1190,1170/1190,7053,W1,W1,7000,DEPOT,W1,W1,DEPOT,32 MA,32 MA,0.129409726287163
1190,1170/1190,7054,W1,W1,7000,DEPOT,W1,W1,DEPOT,32 MA,32 MA,0.1518055107054689
1190,1170/1190,7102,W1,W1,7102,DEPOT,W1,W1,DEPOT,32 MA,32 MA,0.5786431469289196
1190,1170/1190,7103,W1,W1,7150,DEPOT,W1,W1,DEPOT,32 MA,32 MA,0.16464819444905876
1190,1170/1190,7104,W1,W1,7150,DEPOT,W1,W1,DEPOT,32 MA,18 FT,0.014362764442820808
1190,1170/1190,7105,W1,W1,8150,DEPOT,S3,S3,DEPOT,32 MA,32 MA,0.5003118781279391
1190,1170/1190,7150,W1,W1,7150,DEPOT,W1,W1,DEPOT,32 MA,32 MA,0.5636087077191092
1190,1170/1190,7151,W1,W1,7150,DEPOT,W1,W1,DEPOT,32 MA,32 MA,0.005452600072267666
1190,1170/1190,7153,W1,W1,7150,DEPOT,W1,W1,DEPOT,32 MA,32 MA,0.48564489454263055
1190,1170/1190,7154,W1,W1,7150,DEPOT,W1,W1,DEPOT,32 MA,32 MA,0.10828461155541952
1190,1170/1190,7155,W1,W1,7150,DEPOT,W1,W1,DEPOT,32 MA,32 MA,0.22698964414549405
1190,1170/1190,7157,W1,W1,7150,DEPOT,W1,W1,DEPOT,32 MA,32 MA,0.2850597047955323
1190,1170/1190,7161,W1,W1,7250,DEPOT,W2,W2,DEPOT,32 MA,32 MA,0.12021732990564525
1190,1170/1190,7250,W2,W2,7250,DEPOT,W2,W2,DEPOT,32 MA,32 MA,0.31493794007064446
1190,1170/1190,7251,W2,W2,7250,DEPOT,W2,W2,DEPOT,32 MA,32 MA,0.34153822144192975
1190,1170/1190,7252,W2,W2,7250,DEPOT,W2,W2,DEPOT,32 MA,32 MA,0.22010187135529707
1190,1170/1190,7253,W2,W2,5050,DEPOT,N2,N2,DEPOT,32 MA,32 MA,0.5794332472071244
1190,1170/1190,7254,W2,W2,7250,DEPOT,W2,W2,DEPOT,32 MA,32 MA,0.22340710383270498
1190,1170/1190,7301,W2,W2,7250,DEPOT,W2,W2,DEPOT,32 MA,32 MA,0.34998793808504747
1190,1170/1190,7304,W2,W2,7250,DEPOT,W2,W2,DEPOT,32 MA,32 MA,0.0966206309166108
1190,1170/1190,8001,S2,S2,8010,DEPOT,S2,S2,DEPOT,32 MA,18 FT,0.2118127677132493
1190,1170/1190,8002,S2,S2,8010,DEPOT,S2,S2,DEPOT,32 MA,18 FT,0.33393743913120544
1190,1170/1190,8004,S2,S2,8010,DEPOT,S2,S2,DEPOT,32 MA,18 FT,0.12275284851645007
1190,1170/1190,8005,S2,S2,8010,DEPOT,S2,S2,DEPOT,32 MA,18 FT,0.16212605709495875
1190,1170/1190,8006,S2,S2,8010,DEPOT,S2,S2,DEPOT,32 MA,18 FT,0.2003582408419733
1190,1170/1190,8010,S2,S2,8010,DEPOT,S2,S2,DEPOT,32 MA,32 MA,0.5250647877048622
1190,1170/1190,8051,S2,S2,7150,DEPOT,W1,W1,DEPOT,32 MA,18 FT,0.13129671167958978
1190,1170/1190,8052,S2,S2,8010,DEPOT,S2,S2,DEPOT,32 MA,18 FT,0.20247225049864492
1190,1170/1190,8053,S2,S2,8150,DEPOT,S3,S3,DEPOT,32 MA,18 FT,0.09055891177714447
1190,1170/1190,8055,S2,S2,8150,DEPOT,S3,S3,DEPOT,32 MA,18 FT,0.1966293298701356
1190,1170/1190,8103,S2,S2_1,8300,DEPOT,S1,S1_1,DEPOT,32 MA,18 FT,0.14917606014946472
1190,1170/1190,8104,S2,S2_1,8300,DEPOT,S1,S1_1,DEPOT,32 MA,18 FT,0.1285356287723305
1190,1170/1190,8105,S2,S2_1,8300,DEPOT,S1,S1_1,DEPOT,32 MA,18 FT,0.2037627220100624
1190,1170/1190,8106,S2,S2_1,8300,DEPOT,S1,S1_1,DEPOT,32 MA,18 FT,0.08578323764493967
1190,1170/1190,8150,S3,S3,8150,DEPOT,S3,S3,DEPOT,32 MA,32 MA,0.5766312850721993
1190,1170/1190,8153,S3,S3,8150,DEPOT,S3,S3,DEPOT,32 MA,18 FT,0.354458620607427
1190,1170/1190,8155,S3,S3,8150,DEPOT,S3,S3,DEPOT,32 MA,18 FT,0.13631730579995574
1190,1170/1190,8156,S3,S3,8150,DEPOT,S3,S3,DEPOT,32 MA,18 FT,0.30039384015046927
1190,1170/1190,8251,S3,S3,8150,DEPOT,S3,S3,DEPOT,32 MA,18 FT,0.1057939606630453
1190,1170/1190,8252,S3,S3,8150,DEPOT,S3,S3,DEPOT,32 MA,18 FT,0.11509803698851798
1190,1170/1190,8253,S3,S3,8300,DEPOT,S1,S1_1,DEPOT,32 MA,18 FT,0.2917692028972306
1190,1170/1190,8255,S3,S3,8150,DEPOT,S3,S3,DEPOT,32 MA,18 FT,0.09632128777159332
1190,1170/1190,8257,S3,S3,8150,DEPOT,S3,S3,DEPOT,32 MA,18 FT,0.13820554491087475
1190,1170/1190,8300,S1,S1_1,8300,DEPOT,S1,S1_1,DEPOT,32 MA,32 MA,0.37896206453121284
1190,1170/1190,8302,S1,S1_1,8300,DEPOT,S1,S1_1,DEPOT,32 MA,18 FT,0.13111745209085635
1190,1170/1190,8304,S1,S1,8300,DEPOT,S1,S1_1,DEPOT,32 MA,18 FT,0.19556400081400072
1190,1170/1190,8305,S1,S1,8300,DEPOT,S1,S1_1,DEPOT,32 MA,18 FT,0.2136146214896213
1190,1170/1190,8306,S1,S1,8300,DEPOT,S1,S1_1,DEPOT,32 MA,18 FT,0.22995173581343797
1190,1170/1190,8312,S1,S1_1,8300,DEPOT,S1,S1_1,DEPOT,32 MA,18 FT,0.3168142660137341
1190,1170/1190,8313,S1,S1,8300,DEPOT,S1,S1_1,DEPOT,32 MA,18 FT,0.07338725872236496
1190,1170/1190,8315,S1,S1,8300,DEPOT,S1,S1_1,DEPOT,32 MA,18 FT,0.22309259259259262
1190,1170/1190,8351,S1,S1,8300,DEPOT,S1,S1_1,DEPOT,32 MA,18 FT,0.02717678322465522
1190,1170/1190,8352,S1,S1,8300,DEPOT,S1,S1_1,DEPOT,32 MA,18 FT,0.007839583387455384
1190,1170/1190,8353,S1,S1,8300,DEPOT,S1,S1_1,DEPOT,32 MA,18 FT,0.019696929744802194
1190,1170/1190,8354,S1,S1,8300,DEPOT,S1,S1_1,DEPOT,32 MA,18 FT,0.1806556083790125
1190,1170/1190,8355,S1,S1,8300,DEPOT,S1,S1_1,DEPOT,32 MA,18 FT,0.24722656283826483

